event_definition;coding_system;code;code_name;algo_name;THL;SAIL;EFEMERIS;UOSL;ARS;FERR;RDRU_FISABIO;event_abbreviation;;;;;;;;;;;;
Epilepsy;indication_code;111;Epilepsy;algo_M1;1;0;0;0;0;0;0;Epilepsy;;;;;;;;;;;;
Epilepsy;indication_code;181;Epilepsy;algo_M1;1;0;0;0;0;0;0;Epilepsy;;;;;;;;;;;;
Epilepsy;indication_code;182;Epilepsy;algo_M1;1;0;0;0;0;0;0;Epilepsy;;;;;;;;;;;;
Epilepsy;indication_code;183;Epilepsy;algo_M1;1;0;0;0;0;0;0;Epilepsy;;;;;;;;;;;;
Epilepsy;indication_code;199;Epilepsy;algo_M1;1;0;0;0;0;0;0;Epilepsy;;;;;;;;;;;;
Epilepsy;ICD10;G40 ;Epilepsy;algo_M1;1;1;1;1;1;1;0;Epilepsy;;;;;;;;;;;;
Epilepsy;ICD10;G41 ;Status epilepticus;algo_M1;1;1;1;1;1;1;0;Epilepsy;;;;;;;;;;;;
Epilepsy;ICD10ES;G40 ;;algo_M1;0;0;0;0;0;0;1;Epilepsy;;;;;;;;;;;;
Epilepsy;ICD10ES;R56.9;;algo_M1;0;0;0;0;0;0;1;Epilepsy;;;;;;;;;;;;
Epilepsy;ICD10ES;R56.1;;algo_M1;0;0;0;0;0;0;1;Epilepsy;;;;;;;;;;;;
Epilepsy;ICD10ES;F44.5;;algo_M1;0;0;0;0;0;0;1;Epilepsy;;;;;;;;;;;;
Epilepsy;ICD9;780.3;convulsion;algo_M1;0;0;0;0;1;1;1;Epilepsy;;;;;;;;;;;;
Epilepsy;ICD9;345;epilepsy and recurrent seizures;algo_M1;0;0;0;0;1;1;1;Epilepsy;;;;;;;;;;;;
Epilepsy;ICPC2 ;N88 ;Epilepsy;algo_M1;1;0;0;1;0;0;0;Epilepsy;;;;;;;;;;;;
Epilepsy;ICPC2 ;N07 ;Convulsion/seizure;algo_M1;1;0;0;1;0;0;0;Epilepsy;;;;;;;;;;;;
Epilepsy;READ;F25;Epilepsy;algo_M1;0;1;0;0;0;0;0;Epilepsy;;;;;;;;;;;;
Epilepsy;READ;1O30;Epilepsy confirmed;algo_M1;0;1;0;0;0;0;0;Epilepsy;;;;;;;;;;;;
Epilepsy;READ;667B;Nocturnal epilepsy;algo_M1;0;1;0;0;0;0;0;Epilepsy;;;;;;;;;;;;
Epilepsy;ATC;N03AA;Barbiturates and derivatives;algo_M1;1;1;1;1;1;1;1;Epilepsy_drugs;;;;;;;;;;;;
Epilepsy;ATC;N03AB;Hydantoin derivatives;algo_M1;1;1;1;1;1;1;1;Epilepsy_drugs;;;;;;;;;;;;
Epilepsy;ATC;N03AC;Oxazolidine derivatives;algo_M1;1;1;1;1;1;1;1;Epilepsy_drugs;;;;;;;;;;;;
Epilepsy;ATC;N03AD;Succinimide derivatives;algo_M1;1;1;1;1;1;1;1;Epilepsy_drugs;;;;;;;;;;;;
Epilepsy;ATC;N03AE;Benzodiazepine derivatives;algo_M1;1;1;1;1;1;1;1;Epilepsy_drugs;;;;;;;;;;;;
Epilepsy;ATC;N03AF01;;algo_M1;1;0;0;1;0;0;0;Epilepsy_drugs;;;;;;;;;;;;
Epilepsy;ATC;N03AF02;;algo_M1;1;1;1;1;1;1;1;Epilepsy_drugs;;;;;;;;;;;;
Epilepsy;ATC;N03AF03;;algo_M1;1;1;1;1;1;1;1;Epilepsy_drugs;;;;;;;;;;;;
Epilepsy;ATC;N03AF04;;algo_M1;1;1;1;1;1;1;1;Epilepsy_drugs;;;;;;;;;;;;
Epilepsy;ATC;N03AG;Fatty acid derivatives;algo_M1;1;1;1;1;1;1;1;Epilepsy_drugs;;;;;;;;;;;;
Epilepsy;ATC;N03AX03;;algo_M1;1;1;1;1;1;1;1;Epilepsy_drugs;;;;;;;;;;;;
Epilepsy;ATC;N03AX07;;algo_M1;1;1;1;1;1;1;1;Epilepsy_drugs;;;;;;;;;;;;
Epilepsy;ATC;N03AX09;;algo_M1;1;1;1;1;1;1;1;Epilepsy_drugs;;;;;;;;;;;;
Epilepsy;ATC;N03AX10;;algo_M1;1;1;1;1;1;1;1;Epilepsy_drugs;;;;;;;;;;;;
Epilepsy;ATC;N03AX11;;algo_M1;1;1;1;1;1;1;1;Epilepsy_drugs;;;;;;;;;;;;
Epilepsy;ATC;N03AX13;;algo_M1;1;1;1;1;1;1;1;Epilepsy_drugs;;;;;;;;;;;;
Epilepsy;ATC;N03AX14;;algo_M1;1;1;1;1;1;1;1;Epilepsy_drugs;;;;;;;;;;;;
Epilepsy;ATC;N03AX15;;algo_M1;1;1;1;1;1;1;1;Epilepsy_drugs;;;;;;;;;;;;
Epilepsy;ATC;N03AX17;;algo_M1;1;1;1;1;1;1;1;Epilepsy_drugs;;;;;;;;;;;;
Epilepsy;ATC;N03AX18;;algo_M1;1;1;1;1;1;1;1;Epilepsy_drugs;;;;;;;;;;;;
Epilepsy;ATC;N03AX19;;algo_M1;1;1;1;1;1;1;1;Epilepsy_drugs;;;;;;;;;;;;
Epilepsy;ATC;N03AX21;;algo_M1;1;1;1;1;1;1;1;Epilepsy_drugs;;;;;;;;;;;;
Epilepsy;ATC;N03AX22;;algo_M1;1;1;1;1;1;1;1;Epilepsy_drugs;;;;;;;;;;;;
Epilepsy;ATC;N03AX23;;algo_M1;1;1;1;1;1;1;1;Epilepsy_drugs;;;;;;;;;;;;
Epilepsy;ATC;N03AX24;;algo_M1;1;1;1;1;1;1;1;Epilepsy_drugs;;;;;;;;;;;;
Epilepsy;ATC;N03AX25;;algo_M1;1;1;1;1;1;1;1;Epilepsy_drugs;;;;;;;;;;;;
Epilepsy;ATC;N03AX26;;algo_M1;1;1;1;1;1;1;1;Epilepsy_drugs;;;;;;;;;;;;
Epilepsy;ATC;N03AX27;;algo_M1;1;1;1;1;1;1;1;Epilepsy_drugs;;;;;;;;;;;;
Epilepsy;ATC;N03AX30;;algo_M1;1;1;1;1;1;1;1;Epilepsy_drugs;;;;;;;;;;;;
Epilepsy;ICD9;17;;algo_M1;0;0;0;0;0;1;0;Epilepsy;;;;;;;;;;;;
Epilepsy;ICD9;RF0060;;algo_M1;0;0;0;0;0;1;0;Epilepsy;;;;;;;;;;;;
Gabapentin;ATC;N03AX12;;algo_M1;1;1;1;1;1;1;1;Gabapentin;;;;;;;;;;;;
Gabapentin;ATC;N02BF01;;algo_M1;1;1;1;1;1;1;1;Gabapentin;;;;;;;;;;;;
GAD;french_medical_speciality;33;Psychiatrist;algo_M1;0;0;1;0;0;0;0;GAD;;;;;;;;;;;;
GAD;french_medical_speciality;75;Psychiatrist;algo_M1;0;0;1;0;0;0;0;GAD;;;;;;;;;;;;
GAD;NorPD_prescriber_speciality;58;Psychiatrist;algo_M1;0;0;0;1;0;0;0;GAD;;;;;;;;;;;;
GAD;ICD10;F40 ;Phobic anxiety disorders;algo_M1;1;1;1;1;1;1;0;GAD;;;;;;;;;;;;
GAD;ICD10;F41 ;Other anxiety disorders;algo_M1;1;1;1;1;1;1;0;GAD;;;;;;;;;;;;
GAD;ICD10;F42 ;Obsessive-compulsive disorder;algo_M1;1;1;1;1;1;1;0;GAD;;;;;;;;;;;;
GAD;ICD10;F43 ;Reaction to severe stress, and adjustment disorders;algo_M1;1;1;1;1;1;1;0;GAD;;;;;;;;;;;;
GAD;ICD10ES;F40 ;;algo_M1;0;0;0;0;0;0;1;GAD;;;;;;;;;;;;
GAD;ICD10ES;F41 ;;algo_M1;0;0;0;0;0;0;1;GAD;;;;;;;;;;;;
GAD;ICD10ES;F42 ;;algo_M1;0;0;0;0;0;0;1;GAD;;;;;;;;;;;;
GAD;ICD10ES;F43 ;;algo_M1;0;0;0;0;0;0;1;GAD;;;;;;;;;;;;
GAD;ICD9;300.0 ;anxiety states;algo_M1;0;0;0;0;1;1;1;GAD;;;;;;;;;;;;
GAD;ICD9;300.00 ;anxiety states, unspecified;algo_M1;0;0;0;0;1;1;1;GAD;;;;;;;;;;;;
GAD;ICD9;300.02 ;generalized anxiety disorders;algo_M1;0;0;0;0;1;1;1;GAD;;;;;;;;;;;;
GAD;ICD9;300.09 ;other anxiety states;algo_M1;0;0;0;0;1;1;1;GAD;;;;;;;;;;;;
GAD;ICD9;309.21 ;separation anxiety disorder;algo_M1;0;0;0;0;1;1;1;GAD;;;;;;;;;;;;
GAD;ICPC2 ;P01 ;Feeling anxious/nervous/tense;algo_M1;1;0;0;1;0;0;0;GAD;;;;;;;;;;;;
GAD;ICPC2 ;P02 ;Acute stress reaction;algo_M1;1;0;0;1;0;0;0;GAD;;;;;;;;;;;;
GAD;ICPC2 ;P74 ;Anxiety disorder/anxiety state;algo_M1;1;0;0;1;0;0;0;GAD;;;;;;;;;;;;
GAD;READ;E20;;algo_M1;0;1;0;0;0;0;0;GAD;;;;;;;;;;;;
GAD;READ;Eu40;anxiety disorders;algo_M1;0;1;0;0;0;0;0;GAD;;;;;;;;;;;;
GAD;READ;Eu41;others anxiety disorders;algo_M1;0;1;0;0;0;0;0;GAD;;;;;;;;;;;;
GAD;READ;Eu34114;Persistant anxiety depression;algo_M1;0;1;0;0;0;0;0;GAD;;;;;;;;;;;;
GAD;ATC;N05BA01;benzodiazepine derivatives;algo_M1;1;1;1;1;1;1;1;GAD_drugs;;;;;;;;;;;;
GAD;ATC;N05BA02;;algo_M1;1;1;1;1;1;1;1;GAD_drugs;;;;;;;;;;;;
GAD;ATC;N05BA03;;algo_M1;1;1;1;1;1;1;1;GAD_drugs;;;;;;;;;;;;
GAD;ATC;N05BA04;;algo_M1;1;1;1;1;1;1;1;GAD_drugs;;;;;;;;;;;;
GAD;ATC;N05BA05;;algo_M1;1;1;1;1;1;1;1;GAD_drugs;;;;;;;;;;;;
GAD;ATC;N05BA06;;algo_M1;1;1;1;1;1;1;1;GAD_drugs;;;;;;;;;;;;
GAD;ATC;N05BA07;;algo_M1;1;1;1;1;1;1;1;GAD_drugs;;;;;;;;;;;;
GAD;ATC;N05BA08;;algo_M1;1;1;1;1;1;1;1;GAD_drugs;;;;;;;;;;;;
GAD;ATC;N05BA09 ;clobazam;algo_M1;0;0;0;0;0;0;0;GAD_drugs;;;;;;;;;;;;
GAD;ATC;N05BA10;;algo_M1;1;1;1;1;1;1;1;GAD_drugs;;;;;;;;;;;;
GAD;ATC;N05BA11;;algo_M1;1;1;1;1;1;1;1;GAD_drugs;;;;;;;;;;;;
GAD;ATC;N05BA12;;algo_M1;1;1;1;1;1;1;1;GAD_drugs;;;;;;;;;;;;
GAD;ATC;N05BA13;;algo_M1;1;1;1;1;1;1;1;GAD_drugs;;;;;;;;;;;;
GAD;ATC;N05BA14;;algo_M1;1;1;1;1;1;1;1;GAD_drugs;;;;;;;;;;;;
GAD;ATC;N05BA15;;algo_M1;1;1;1;1;1;1;1;GAD_drugs;;;;;;;;;;;;
GAD;ATC;N05BA16;;algo_M1;1;1;1;1;1;1;1;GAD_drugs;;;;;;;;;;;;
GAD;ATC;N05BA17;;algo_M1;1;1;1;1;1;1;1;GAD_drugs;;;;;;;;;;;;
GAD;ATC;N05BA18;;algo_M1;1;1;1;1;1;1;1;GAD_drugs;;;;;;;;;;;;
GAD;ATC;N05BA19;;algo_M1;1;1;1;1;1;1;1;GAD_drugs;;;;;;;;;;;;
GAD;ATC;N05BA21;;algo_M1;1;1;1;1;1;1;1;GAD_drugs;;;;;;;;;;;;
GAD;ATC;N05BA22;;algo_M1;1;1;1;1;1;1;1;GAD_drugs;;;;;;;;;;;;
GAD;ATC;N05BA23;;algo_M1;1;1;1;1;1;1;1;GAD_drugs;;;;;;;;;;;;
GAD;ATC;N05BA24;;algo_M1;1;1;1;1;1;1;1;GAD_drugs;;;;;;;;;;;;
GAD;ATC;N05BA25;;algo_M1;1;1;1;1;1;1;1;GAD_drugs;;;;;;;;;;;;
GAD;ATC;N05BA51;;algo_M1;1;1;1;1;1;1;1;GAD_drugs;;;;;;;;;;;;
GAD;ATC;N05BA91;;algo_M1;1;1;1;1;1;1;1;GAD_drugs;;;;;;;;;;;;
GAD;ATC;N05BA56;;algo_M1;1;1;1;1;1;1;1;GAD_drugs;;;;;;;;;;;;
GAD;ATC;N06AB;;algo_M1;1;1;1;1;1;1;1;GAD_drugs;;;;;;;;;;;;
GAD;ATC;N06AF;;algo_M1;1;1;1;1;1;1;1;GAD_drugs;;;;;;;;;;;;
GAD;ATC;N06AG;;algo_M1;1;1;1;1;1;1;1;GAD_drugs;;;;;;;;;;;;
GAD;ATC;N06AA;;algo_M1;0;0;0;0;0;0;0;GAD_drugs;;;;;;;;;;;;
GAD;ATC;N06AX01;;algo_M1;0;1;1;0;0;0;1;GAD_drugs;;;;;;;;;;;;
GAD;ATC;N06AX02;;algo_M1;0;1;1;0;0;0;1;GAD_drugs;;;;;;;;;;;;
GAD;ATC;N06AX03;;algo_M1;0;1;1;0;0;0;1;GAD_drugs;;;;;;;;;;;;
GAD;ATC;N06AX04;;algo_M1;0;1;1;0;0;0;1;GAD_drugs;;;;;;;;;;;;
GAD;ATC;N06AX05;;algo_M1;0;1;1;0;0;0;1;GAD_drugs;;;;;;;;;;;;
GAD;ATC;N06AX06;;algo_M1;0;1;1;0;0;0;1;GAD_drugs;;;;;;;;;;;;
GAD;ATC;N06AX07;;algo_M1;0;1;1;0;0;0;1;GAD_drugs;;;;;;;;;;;;
GAD;ATC;N06AX08;;algo_M1;0;1;1;0;0;0;1;GAD_drugs;;;;;;;;;;;;
GAD;ATC;N06AX09;;algo_M1;0;1;1;0;0;0;1;GAD_drugs;;;;;;;;;;;;
GAD;ATC;N06AX10;;algo_M1;0;1;1;0;0;0;1;GAD_drugs;;;;;;;;;;;;
GAD;ATC;N06AX11;;algo_M1;0;1;1;0;0;0;1;GAD_drugs;;;;;;;;;;;;
GAD;ATC;N06AX12;;algo_M1;0;1;1;0;0;0;1;GAD_drugs;;;;;;;;;;;;
GAD;ATC;N06AX13;;algo_M1;0;1;1;0;0;0;1;GAD_drugs;;;;;;;;;;;;
GAD;ATC;N06AX14;;algo_M1;0;1;1;0;0;0;1;GAD_drugs;;;;;;;;;;;;
GAD;ATC;N06AX15;;algo_M1;0;1;1;0;0;0;1;GAD_drugs;;;;;;;;;;;;
GAD;ATC;N06AX16;;algo_M1;0;1;1;0;0;0;1;GAD_drugs;;;;;;;;;;;;
GAD;ATC;N06AX17;;algo_M1;0;1;1;0;0;0;1;GAD_drugs;;;;;;;;;;;;
GAD;ATC;N06AX18;;algo_M1;0;1;1;0;0;0;1;GAD_drugs;;;;;;;;;;;;
GAD;ATC;N06AX19;;algo_M1;0;1;1;0;0;0;1;GAD_drugs;;;;;;;;;;;;
GAD;ATC;N06AX21;;algo_M1;0;0;0;0;0;0;0;GAD_drugs;;;;;;;;;;;;
GAD;ATC;N06AX22;;algo_M1;0;1;1;0;0;0;1;GAD_drugs;;;;;;;;;;;;
GAD;ATC;N06AX23;;algo_M1;0;1;1;0;0;0;1;GAD_drugs;;;;;;;;;;;;
GAD;ATC;N06AX24;;algo_M1;0;1;1;0;0;0;1;GAD_drugs;;;;;;;;;;;;
GAD;ATC;N06AX25;;algo_M1;0;1;1;0;0;0;1;GAD_drugs;;;;;;;;;;;;
GAD;ATC;N06AX26;;algo_M1;0;1;1;0;0;0;1;GAD_drugs;;;;;;;;;;;;
GAD;ATC;N06AX27;;algo_M1;0;1;1;0;0;0;1;GAD_drugs;;;;;;;;;;;;
GAD;ATC;N06AX28;;algo_M1;0;1;1;0;0;0;1;GAD_drugs;;;;;;;;;;;;
GAD;ATC;N06AX29;;algo_M1;0;1;1;0;0;0;1;GAD_drugs;;;;;;;;;;;;
Neuropathic pain;speciality_prescriber_ Finish;570;Rheumatologist ;algo_M1;1;0;0;0;0;0;0;Neuropathic_pain;;;;;;;;;;;;
Neuropathic pain;speciality_prescriber_ Finish;742;Rheumatologist ;algo_M1;1;0;0;0;0;0;0;Neuropathic_pain;;;;;;;;;;;;
Neuropathic pain;speciality_prescriber_ Finish;100;Anesthesiologist ;algo_M1;1;0;0;0;0;0;0;Neuropathic_pain;;;;;;;;;;;;
Neuropathic pain;speciality_prescriber_ Finish;202;Orthopedist ;algo_M1;1;0;0;0;0;0;0;Neuropathic_pain;;;;;;;;;;;;
Neuropathic pain;speciality_prescriber_ Finish;230;Orthopedist ;algo_M1;1;0;0;0;0;0;0;Neuropathic_pain;;;;;;;;;;;;
Neuropathic pain;french_medical_speciality;14;Rheumatologist;algo_M1;0;0;1;0;0;0;0;Neuropathic_pain;;;;;;;;;;;;
Neuropathic pain;french_medical_speciality;2;Anesthesiologis;algo_M1;0;0;1;0;0;0;0;Neuropathic_pain;;;;;;;;;;;;
Neuropathic pain;french_medical_speciality;41;Orthopedist ;algo_M1;0;0;1;0;0;0;0;Neuropathic_pain;;;;;;;;;;;;
Neuropathic pain;NorPD_prescriber_speciality;41;Rheumatologist ;algo_M1;0;0;0;1;0;0;0;Neuropathic_pain;;;;;;;;;;;;
Neuropathic pain;NorPD_prescriber_speciality;2;Anesthesiologist ;algo_M1;0;0;0;1;0;0;0;Neuropathic_pain;;;;;;;;;;;;
Neuropathic pain;NorPD_prescriber_speciality;84;Orthopedic surgeon ;algo_M1;0;0;0;1;0;0;0;Neuropathic_pain;;;;;;;;;;;;
Neuropathic pain;NorPD_prescriber_speciality;152;Orthopedic surgeon ;algo_M1;0;0;0;1;0;0;0;Neuropathic_pain;;;;;;;;;;;;
Neuropathic pain;NorPD_prescriber_speciality;192;Endocrinologist ;algo_M1;0;0;0;1;0;0;0;Neuropathic_pain;;;;;;;;;;;;
Neuropathic pain;ICD10;R52;pain unspecified;algo_M1;1;1;1;1;1;1;0;Neuropathic_pain;;;;;;;;;;;;
Neuropathic pain;ICD10ES;R52;;algo_M1;0;0;0;0;0;0;1;Neuropathic_pain;;;;;;;;;;;;
Neuropathic pain;ICD10;G50 ;;algo_M1;0;0;0;1;0;0;0;Neuropathic_pain;;;;;;;;;;;;
Neuropathic pain;ICD10;G51;;algo_M1;0;0;0;1;0;0;0;Neuropathic_pain;;;;;;;;;;;;
Neuropathic pain;ICD10;G52;;algo_M1;0;0;0;1;0;0;0;Neuropathic_pain;;;;;;;;;;;;
Neuropathic pain;ICD10;G53;;algo_M1;0;0;0;1;0;0;0;Neuropathic_pain;;;;;;;;;;;;
Neuropathic pain;ICD10;G54;;algo_M1;0;0;0;1;0;0;0;Neuropathic_pain;;;;;;;;;;;;
Neuropathic pain;ICD10;G55;;algo_M1;0;0;0;1;0;0;0;Neuropathic_pain;;;;;;;;;;;;
Neuropathic pain;ICD10;G56;;algo_M1;0;0;0;1;0;0;0;Neuropathic_pain;;;;;;;;;;;;
Neuropathic pain;ICD10;G57;;algo_M1;0;0;0;1;0;0;0;Neuropathic_pain;;;;;;;;;;;;
Neuropathic pain;ICD10;G58;;algo_M1;0;0;0;1;0;0;0;Neuropathic_pain;;;;;;;;;;;;
Neuropathic pain;ICD10;G59;;algo_M1;0;0;0;1;0;0;0;Neuropathic_pain;;;;;;;;;;;;
Neuropathic pain;ICD10;G60;;algo_M1;0;0;0;1;0;0;0;Neuropathic_pain;;;;;;;;;;;;
Neuropathic pain;ICD10;G61;;algo_M1;0;0;0;1;0;0;0;Neuropathic_pain;;;;;;;;;;;;
Neuropathic pain;ICD10;G62;;algo_M1;0;0;0;1;0;0;0;Neuropathic_pain;;;;;;;;;;;;
Neuropathic pain;ICD10;G63;;algo_M1;0;0;0;1;0;0;0;Neuropathic_pain;;;;;;;;;;;;
Neuropathic pain;ICD10;G64;;algo_M1;0;0;0;1;0;0;0;Neuropathic_pain;;;;;;;;;;;;
Neuropathic pain;ICD10;G95.85;;algo_M1;0;0;0;1;0;0;0;Neuropathic_pain;;;;;;;;;;;;
Neuropathic pain;ICD10;E10.4;;algo_M1;0;0;0;1;0;0;0;Neuropathic_pain;;;;;;;;;;;;
Neuropathic pain;ICD10;E11.4;;algo_M1;0;0;0;1;0;0;0;Neuropathic_pain;;;;;;;;;;;;
Neuropathic pain;ICPC2 ;A01;pain general/multiple sites;algo_M1;1;0;0;1;0;0;0;Neuropathic_pain;;;;;;;;;;;;
Neuropathic pain;ICPC2 ;L86;back syndrome with radiating pain;algo_M1;1;0;0;1;0;0;0;Neuropathic_pain;;;;;;;;;;;;
Neuropathic pain;ICD9;250.6;;algo_M1;0;0;0;0;1;1;1;Neuropathic_pain;;;;;;;;;;;;
Neuropathic pain;ICD9;357.2;;algo_M1;0;0;0;0;1;1;1;Neuropathic_pain;;;;;;;;;;;;
Neuropathic pain;ICD9;053.1;;algo_M1;0;0;0;0;1;1;1;Neuropathic_pain;;;;;;;;;;;;
Neuropathic pain;ICD9;722.1;;algo_M1;0;0;0;0;1;1;1;Neuropathic_pain;;;;;;;;;;;;
Neuropathic pain;ICD9;722.2;;algo_M1;0;0;0;0;1;1;1;Neuropathic_pain;;;;;;;;;;;;
Neuropathic pain;ICD9;722.7;;algo_M1;0;0;0;0;1;1;1;Neuropathic_pain;;;;;;;;;;;;
Neuropathic pain;ICD9;724.0;;algo_M1;0;0;0;0;1;1;1;Neuropathic_pain;;;;;;;;;;;;
Neuropathic pain;ICD9;724.3;;algo_M1;0;0;0;0;1;1;1;Neuropathic_pain;;;;;;;;;;;;
Neuropathic pain;ICD9;724.4;;algo_M1;0;0;0;0;1;1;1;Neuropathic_pain;;;;;;;;;;;;
Neuropathic pain;ICD9;721.1;;algo_M1;0;0;0;0;1;1;1;Neuropathic_pain;;;;;;;;;;;;
Neuropathic pain;ICD9;722.0;;algo_M1;0;0;0;0;1;1;1;Neuropathic_pain;;;;;;;;;;;;
Neuropathic pain;ICD9;723.0;;algo_M1;0;0;0;0;1;1;1;Neuropathic_pain;;;;;;;;;;;;
Neuropathic pain;ICD9;723.4;;algo_M1;0;0;0;0;1;1;1;Neuropathic_pain;;;;;;;;;;;;
Neuropathic pain;ICD9;140;;algo_M1;0;0;0;0;1;1;1;Neuropathic_pain;;;;;;;;;;;;
Neuropathic pain;ICD9;141;;algo_M1;0;0;0;0;1;1;1;Neuropathic_pain;;;;;;;;;;;;
Neuropathic pain;ICD9;142;;algo_M1;0;0;0;0;1;1;1;Neuropathic_pain;;;;;;;;;;;;
Neuropathic pain;ICD9;143;;algo_M1;0;0;0;0;1;1;1;Neuropathic_pain;;;;;;;;;;;;
Neuropathic pain;ICD9;144;;algo_M1;0;0;0;0;1;1;1;Neuropathic_pain;;;;;;;;;;;;
Neuropathic pain;ICD9;145;;algo_M1;0;0;0;0;1;1;1;Neuropathic_pain;;;;;;;;;;;;
Neuropathic pain;ICD9;146;;algo_M1;0;0;0;0;1;1;1;Neuropathic_pain;;;;;;;;;;;;
Neuropathic pain;ICD9;147;;algo_M1;0;0;0;0;1;1;1;Neuropathic_pain;;;;;;;;;;;;
Neuropathic pain;ICD9;148;;algo_M1;0;0;0;0;1;1;1;Neuropathic_pain;;;;;;;;;;;;
Neuropathic pain;ICD9;149;;algo_M1;0;0;0;0;1;1;1;Neuropathic_pain;;;;;;;;;;;;
Neuropathic pain;ICD9;150;;algo_M1;0;0;0;0;1;1;1;Neuropathic_pain;;;;;;;;;;;;
Neuropathic pain;ICD9;151;;algo_M1;0;0;0;0;1;1;1;Neuropathic_pain;;;;;;;;;;;;
Neuropathic pain;ICD9;152;;algo_M1;0;0;0;0;1;1;1;Neuropathic_pain;;;;;;;;;;;;
Neuropathic pain;ICD9;153;;algo_M1;0;0;0;0;1;1;1;Neuropathic_pain;;;;;;;;;;;;
Neuropathic pain;ICD9;154;;algo_M1;0;0;0;0;1;1;1;Neuropathic_pain;;;;;;;;;;;;
Neuropathic pain;ICD9;155;;algo_M1;0;0;0;0;1;1;1;Neuropathic_pain;;;;;;;;;;;;
Neuropathic pain;ICD9;156;;algo_M1;0;0;0;0;1;1;1;Neuropathic_pain;;;;;;;;;;;;
Neuropathic pain;ICD9;157;;algo_M1;0;0;0;0;1;1;1;Neuropathic_pain;;;;;;;;;;;;
Neuropathic pain;ICD9;158;;algo_M1;0;0;0;0;1;1;1;Neuropathic_pain;;;;;;;;;;;;
Neuropathic pain;ICD9;159;;algo_M1;0;0;0;0;1;1;1;Neuropathic_pain;;;;;;;;;;;;
Neuropathic pain;ICD9;160;;algo_M1;0;0;0;0;1;1;1;Neuropathic_pain;;;;;;;;;;;;
Neuropathic pain;ICD9;161;;algo_M1;0;0;0;0;1;1;1;Neuropathic_pain;;;;;;;;;;;;
Neuropathic pain;ICD9;162;;algo_M1;0;0;0;0;1;1;1;Neuropathic_pain;;;;;;;;;;;;
Neuropathic pain;ICD9;163;;algo_M1;0;0;0;0;1;1;1;Neuropathic_pain;;;;;;;;;;;;
Neuropathic pain;ICD9;164;;algo_M1;0;0;0;0;1;1;1;Neuropathic_pain;;;;;;;;;;;;
Neuropathic pain;ICD9;165;;algo_M1;0;0;0;0;1;1;1;Neuropathic_pain;;;;;;;;;;;;
Neuropathic pain;ICD9;166;;algo_M1;0;0;0;0;1;1;1;Neuropathic_pain;;;;;;;;;;;;
Neuropathic pain;ICD9;167;;algo_M1;0;0;0;0;1;1;1;Neuropathic_pain;;;;;;;;;;;;
Neuropathic pain;ICD9;168;;algo_M1;0;0;0;0;1;1;1;Neuropathic_pain;;;;;;;;;;;;
Neuropathic pain;ICD9;169;;algo_M1;0;0;0;0;1;1;1;Neuropathic_pain;;;;;;;;;;;;
Neuropathic pain;ICD9;170;;algo_M1;0;0;0;0;1;1;1;Neuropathic_pain;;;;;;;;;;;;
Neuropathic pain;ICD9;171;;algo_M1;0;0;0;0;1;1;1;Neuropathic_pain;;;;;;;;;;;;
Neuropathic pain;ICD9;172;;algo_M1;0;0;0;0;1;1;1;Neuropathic_pain;;;;;;;;;;;;
Neuropathic pain;ICD9;174;;algo_M1;0;0;0;0;1;1;1;Neuropathic_pain;;;;;;;;;;;;
Neuropathic pain;ICD9;175;;algo_M1;0;0;0;0;1;1;1;Neuropathic_pain;;;;;;;;;;;;
Neuropathic pain;ICD9;176;;algo_M1;0;0;0;0;1;1;1;Neuropathic_pain;;;;;;;;;;;;
Neuropathic pain;ICD9;177;;algo_M1;0;0;0;0;1;1;1;Neuropathic_pain;;;;;;;;;;;;
Neuropathic pain;ICD9;178;;algo_M1;0;0;0;0;1;1;1;Neuropathic_pain;;;;;;;;;;;;
Neuropathic pain;ICD9;179;;algo_M1;0;0;0;0;1;1;1;Neuropathic_pain;;;;;;;;;;;;
Neuropathic pain;ICD9;180;;algo_M1;0;0;0;0;1;1;1;Neuropathic_pain;;;;;;;;;;;;
Neuropathic pain;ICD9;181;;algo_M1;0;0;0;0;1;1;1;Neuropathic_pain;;;;;;;;;;;;
Neuropathic pain;ICD9;182;;algo_M1;0;0;0;0;1;1;1;Neuropathic_pain;;;;;;;;;;;;
Neuropathic pain;ICD9;183;;algo_M1;0;0;0;0;1;1;1;Neuropathic_pain;;;;;;;;;;;;
Neuropathic pain;ICD9;184;;algo_M1;0;0;0;0;1;1;1;Neuropathic_pain;;;;;;;;;;;;
Neuropathic pain;ICD9;185;;algo_M1;0;0;0;0;1;1;1;Neuropathic_pain;;;;;;;;;;;;
Neuropathic pain;ICD9;186;;algo_M1;0;0;0;0;1;1;1;Neuropathic_pain;;;;;;;;;;;;
Neuropathic pain;ICD9;187;;algo_M1;0;0;0;0;1;1;1;Neuropathic_pain;;;;;;;;;;;;
Neuropathic pain;ICD9;188;;algo_M1;0;0;0;0;1;1;1;Neuropathic_pain;;;;;;;;;;;;
Neuropathic pain;ICD9;189;;algo_M1;0;0;0;0;1;1;1;Neuropathic_pain;;;;;;;;;;;;
Neuropathic pain;ICD9;190;;algo_M1;0;0;0;0;1;1;1;Neuropathic_pain;;;;;;;;;;;;
Neuropathic pain;ICD9;191;;algo_M1;0;0;0;0;1;1;1;Neuropathic_pain;;;;;;;;;;;;
Neuropathic pain;ICD9;192;;algo_M1;0;0;0;0;1;1;1;Neuropathic_pain;;;;;;;;;;;;
Neuropathic pain;ICD9;193;;algo_M1;0;0;0;0;1;1;1;Neuropathic_pain;;;;;;;;;;;;
Neuropathic pain;ICD9;194;;algo_M1;0;0;0;0;1;1;1;Neuropathic_pain;;;;;;;;;;;;
Neuropathic pain;ICD9;195;;algo_M1;0;0;0;0;1;1;1;Neuropathic_pain;;;;;;;;;;;;
Neuropathic pain;ICD9;196;;algo_M1;0;0;0;0;1;1;1;Neuropathic_pain;;;;;;;;;;;;
Neuropathic pain;ICD9;197;;algo_M1;0;0;0;0;1;1;1;Neuropathic_pain;;;;;;;;;;;;
Neuropathic pain;ICD9;198;;algo_M1;0;0;0;0;1;1;1;Neuropathic_pain;;;;;;;;;;;;
Neuropathic pain;ICD9;199;;algo_M1;0;0;0;0;1;1;1;Neuropathic_pain;;;;;;;;;;;;
Neuropathic pain;ICD9;200;;algo_M1;0;0;0;0;1;1;1;Neuropathic_pain;;;;;;;;;;;;
Neuropathic pain;ICD9;201;;algo_M1;0;0;0;0;1;1;1;Neuropathic_pain;;;;;;;;;;;;
Neuropathic pain;ICD9;202;;algo_M1;0;0;0;0;1;1;1;Neuropathic_pain;;;;;;;;;;;;
Neuropathic pain;ICD9;203;;algo_M1;0;0;0;0;1;1;1;Neuropathic_pain;;;;;;;;;;;;
Neuropathic pain;ICD9;204;;algo_M1;0;0;0;0;1;1;1;Neuropathic_pain;;;;;;;;;;;;
Neuropathic pain;ICD9;205;;algo_M1;0;0;0;0;1;1;1;Neuropathic_pain;;;;;;;;;;;;
Neuropathic pain;ICD9;206;;algo_M1;0;0;0;0;1;1;1;Neuropathic_pain;;;;;;;;;;;;
Neuropathic pain;ICD9;207;;algo_M1;0;0;0;0;1;1;1;Neuropathic_pain;;;;;;;;;;;;
Neuropathic pain;ICD9;208;;algo_M1;0;0;0;0;1;1;1;Neuropathic_pain;;;;;;;;;;;;
Neuropathic pain;ICD9;337.2;;algo_M1;0;0;0;0;1;1;1;Neuropathic_pain;;;;;;;;;;;;
Neuropathic pain;ICD9;353.0;;algo_M1;0;0;0;0;1;1;1;Neuropathic_pain;;;;;;;;;;;;
Neuropathic pain;ICD9;353.1;;algo_M1;0;0;0;0;1;1;1;Neuropathic_pain;;;;;;;;;;;;
Neuropathic pain;ICD9;353.2;;algo_M1;0;0;0;0;1;1;1;Neuropathic_pain;;;;;;;;;;;;
Neuropathic pain;ICD9;353.3;;algo_M1;0;0;0;0;1;1;1;Neuropathic_pain;;;;;;;;;;;;
Neuropathic pain;ICD9;353.4;;algo_M1;0;0;0;0;1;1;1;Neuropathic_pain;;;;;;;;;;;;
Neuropathic pain;ICD9;353.8;;algo_M1;0;0;0;0;1;1;1;Neuropathic_pain;;;;;;;;;;;;
Neuropathic pain;ICD9;353.9;;algo_M1;0;0;0;0;1;1;1;Neuropathic_pain;;;;;;;;;;;;
Neuropathic pain;ICD9;354.4;;algo_M1;0;0;0;0;1;1;1;Neuropathic_pain;;;;;;;;;;;;
Neuropathic pain;ICD9;355.7;;algo_M1;0;0;0;0;1;1;1;Neuropathic_pain;;;;;;;;;;;;
Neuropathic pain;ICD9;355.9;;algo_M1;0;0;0;0;1;1;1;Neuropathic_pain;;;;;;;;;;;;
Neuropathic pain;ICD9;729.2;;algo_M1;0;0;0;0;1;1;1;Neuropathic_pain;;;;;;;;;;;;
Neuropathic pain;ICD9;353.0;;algo_M1;0;0;0;0;1;1;1;Neuropathic_pain;;;;;;;;;;;;
Neuropathic pain;ICD9;353.1;;algo_M1;0;0;0;0;1;1;1;Neuropathic_pain;;;;;;;;;;;;
Neuropathic pain;ICD9;353.8;;algo_M1;0;0;0;0;1;1;1;Neuropathic_pain;;;;;;;;;;;;
Neuropathic pain;ICD9;353.9;;algo_M1;0;0;0;0;1;1;1;Neuropathic_pain;;;;;;;;;;;;
Neuropathic pain;ICD9;354.0;;algo_M1;0;0;0;0;1;1;1;Neuropathic_pain;;;;;;;;;;;;
Neuropathic pain;ICD9;354.1;;algo_M1;0;0;0;0;1;1;1;Neuropathic_pain;;;;;;;;;;;;
Neuropathic pain;ICD9;354.2;;algo_M1;0;0;0;0;1;1;1;Neuropathic_pain;;;;;;;;;;;;
Neuropathic pain;ICD9;354.3;;algo_M1;0;0;0;0;1;1;1;Neuropathic_pain;;;;;;;;;;;;
Neuropathic pain;ICD9;354.5;;algo_M1;0;0;0;0;1;1;1;Neuropathic_pain;;;;;;;;;;;;
Neuropathic pain;ICD9;354.8;;algo_M1;0;0;0;0;1;1;1;Neuropathic_pain;;;;;;;;;;;;
Neuropathic pain;ICD9;354.9;;algo_M1;0;0;0;0;1;1;1;Neuropathic_pain;;;;;;;;;;;;
Neuropathic pain;ICD9;355.0;;algo_M1;0;0;0;0;1;1;1;Neuropathic_pain;;;;;;;;;;;;
Neuropathic pain;ICD9;355.1;;algo_M1;0;0;0;0;1;1;1;Neuropathic_pain;;;;;;;;;;;;
Neuropathic pain;ICD9;355.2;;algo_M1;0;0;0;0;1;1;1;Neuropathic_pain;;;;;;;;;;;;
Neuropathic pain;ICD9;355.3;;algo_M1;0;0;0;0;1;1;1;Neuropathic_pain;;;;;;;;;;;;
Neuropathic pain;ICD9;355.4;;algo_M1;0;0;0;0;1;1;1;Neuropathic_pain;;;;;;;;;;;;
Neuropathic pain;ICD9;355.5;;algo_M1;0;0;0;0;1;1;1;Neuropathic_pain;;;;;;;;;;;;
Neuropathic pain;ICD9;355.6;;algo_M1;0;0;0;0;1;1;1;Neuropathic_pain;;;;;;;;;;;;
Neuropathic pain;ICD9;355.8;;algo_M1;0;0;0;0;1;1;1;Neuropathic_pain;;;;;;;;;;;;
Neuropathic pain;ICD9;357.3;;algo_M1;0;0;0;0;1;1;1;Neuropathic_pain;;;;;;;;;;;;
Neuropathic pain;ICD9;357.4;;algo_M1;0;0;0;0;1;1;1;Neuropathic_pain;;;;;;;;;;;;
Neuropathic pain;ICD9;357.8;;algo_M1;0;0;0;0;1;1;1;Neuropathic_pain;;;;;;;;;;;;
Neuropathic pain;ICD9;357.9;;algo_M1;0;0;0;0;1;1;1;Neuropathic_pain;;;;;;;;;;;;
Neuropathic pain;ICD9;337.2;;algo_M1;0;0;0;0;1;1;1;Neuropathic_pain;;;;;;;;;;;;
Neuropathic pain;ICD9;353.2;;algo_M1;0;0;0;0;1;1;1;Neuropathic_pain;;;;;;;;;;;;
Neuropathic pain;ICD9;353.3;;algo_M1;0;0;0;0;1;1;1;Neuropathic_pain;;;;;;;;;;;;
Neuropathic pain;ICD9;353.4;;algo_M1;0;0;0;0;1;1;1;Neuropathic_pain;;;;;;;;;;;;
Neuropathic pain;ICD9;354.4;;algo_M1;0;0;0;0;1;1;1;Neuropathic_pain;;;;;;;;;;;;
Neuropathic pain;ICD9;355.7;;algo_M1;0;0;0;0;1;1;1;Neuropathic_pain;;;;;;;;;;;;
Neuropathic pain;ICD9;355.9;;algo_M1;0;0;0;0;1;1;1;Neuropathic_pain;;;;;;;;;;;;
Neuropathic pain;ICD9;729.2;;algo_M1;0;0;0;0;1;1;1;Neuropathic_pain;;;;;;;;;;;;
Neuropathic pain;ICD9;042.0;;algo_M1;0;0;0;0;1;1;1;Neuropathic_pain;;;;;;;;;;;;
Neuropathic pain;ICD9;353.6;;algo_M1;0;0;0;0;1;1;1;Neuropathic_pain;;;;;;;;;;;;
Neuropathic pain;ICD9;350.1;;algo_M1;0;0;0;0;1;1;1;Neuropathic_pain;;;;;;;;;;;;
Neuropathic pain;ICD9;350.2;;algo_M1;0;0;0;0;1;1;1;Neuropathic_pain;;;;;;;;;;;;
Neuropathic pain;ICD9;352.1;;algo_M1;0;0;0;0;1;1;1;Neuropathic_pain;;;;;;;;;;;;
Neuropathic pain;ATC;N02AA01;;algo_M1;0;0;1;1;1;1;1;Neuropathic_pain_drugs;;;;;;;;;;;;
Neuropathic pain;ATC;N02AA02;;algo_M1;0;0;1;1;0;0;1;Neuropathic_pain_drugs;;;;;;;;;;;;
Neuropathic pain;ATC;N02AA03;;algo_M1;0;0;1;1;1;1;1;Neuropathic_pain_drugs;;;;;;;;;;;;
Neuropathic pain;ATC;N02AA04;;algo_M1;0;0;1;1;0;0;1;Neuropathic_pain_drugs;;;;;;;;;;;;
Neuropathic pain;ATC;N02AA05;;algo_M1;0;0;1;1;1;1;1;Neuropathic_pain_drugs;;;;;;;;;;;;
Neuropathic pain;ATC;N02AA08;;algo_M1;0;0;1;1;1;1;1;Neuropathic_pain_drugs;;;;;;;;;;;;
Neuropathic pain;ATC;N02AA10;;algo_M1;0;0;1;1;0;0;1;Neuropathic_pain_drugs;;;;;;;;;;;;
Neuropathic pain;ATC;N02AA11;;algo_M1;0;0;1;1;0;0;1;Neuropathic_pain_drugs;;;;;;;;;;;;
Neuropathic pain;ATC;N02AA51;;algo_M1;0;0;1;1;0;0;1;Neuropathic_pain_drugs;;;;;;;;;;;;
Neuropathic pain;ATC;N02AA53;;algo_M1;0;0;1;1;0;0;1;Neuropathic_pain_drugs;;;;;;;;;;;;
Neuropathic pain;ATC;N02AA55;;algo_M1;0;0;1;1;1;1;1;Neuropathic_pain_drugs;;;;;;;;;;;;
Neuropathic pain;ATC;N02AA56;;algo_M1;0;0;1;1;0;0;1;Neuropathic_pain_drugs;;;;;;;;;;;;
Neuropathic pain;ATC;N02AA58;;algo_M1;0;0;1;1;0;0;1;Neuropathic_pain_drugs;;;;;;;;;;;;
Neuropathic pain;ATC;N02AA59;;algo_M1;0;0;1;1;0;0;1;Neuropathic_pain_drugs;;;;;;;;;;;;
Neuropathic pain;ATC;N02AA79;;algo_M1;0;0;1;1;0;0;1;Neuropathic_pain_drugs;;;;;;;;;;;;
Neuropathic pain;ATC;N02AB;;algo_M1;0;0;1;1;0;0;1;Neuropathic_pain_drugs;;;;;;;;;;;;
Neuropathic pain;ATC;N02AC;;algo_M1;0;0;1;1;0;0;1;Neuropathic_pain_drugs;;;;;;;;;;;;
Neuropathic pain;ATC;N02AD;;algo_M1;0;0;1;1;0;0;1;Neuropathic_pain_drugs;;;;;;;;;;;;
Neuropathic pain;ATC;N02AE01;;algo_M1;0;0;1;1;1;1;1;Neuropathic_pain_drugs;;;;;;;;;;;;
Neuropathic pain;ATC;N02AF;;algo_M1;0;0;1;1;0;0;1;Neuropathic_pain_drugs;;;;;;;;;;;;
Neuropathic pain;ATC;N02AG;;algo_M1;0;0;1;1;0;0;1;Neuropathic_pain_drugs;;;;;;;;;;;;
Neuropathic pain;ATC;N02AJ01;;algo_M1;0;0;1;1;0;0;1;Neuropathic_pain_drugs;;;;;;;;;;;;
Neuropathic pain;ATC;N02AJ02;;algo_M1;0;0;1;1;0;0;1;Neuropathic_pain_drugs;;;;;;;;;;;;
Neuropathic pain;ATC;N02AJ03;;algo_M1;0;0;1;1;0;0;1;Neuropathic_pain_drugs;;;;;;;;;;;;
Neuropathic pain;ATC;N02AJ06;;algo_M1;0;0;1;1;0;0;1;Neuropathic_pain_drugs;;;;;;;;;;;;
Neuropathic pain;ATC;N02AJ07;;algo_M1;0;0;1;1;0;0;1;Neuropathic_pain_drugs;;;;;;;;;;;;
Neuropathic pain;ATC;N02AJ08;;algo_M1;0;0;1;1;0;0;1;Neuropathic_pain_drugs;;;;;;;;;;;;
Neuropathic pain;ATC;N02AJ09;;algo_M1;0;0;1;1;0;0;1;Neuropathic_pain_drugs;;;;;;;;;;;;
Neuropathic pain;ATC;N02AJ13;;algo_M1;0;0;1;1;0;0;1;Neuropathic_pain_drugs;;;;;;;;;;;;
Neuropathic pain;ATC;N02AJ14;;algo_M1;0;0;1;1;0;0;1;Neuropathic_pain_drugs;;;;;;;;;;;;
Neuropathic pain;ATC;N02AJ15;;algo_M1;0;0;1;1;0;0;1;Neuropathic_pain_drugs;;;;;;;;;;;;
Neuropathic pain;ATC;N02AJ16;;algo_M1;0;0;1;1;0;0;1;Neuropathic_pain_drugs;;;;;;;;;;;;
Neuropathic pain;ATC;N02AJ17;;algo_M1;0;0;1;1;1;1;1;Neuropathic_pain_drugs;;;;;;;;;;;;
Neuropathic pain;ATC;N02AJ18;;algo_M1;0;0;1;1;0;0;1;Neuropathic_pain_drugs;;;;;;;;;;;;
Neuropathic pain;ATC;N02AJ18;;algo_M1;0;0;1;1;0;0;1;Neuropathic_pain_drugs;;;;;;;;;;;;
Neuropathic pain;ATC;N02AX01;;algo_M1;0;0;1;1;0;0;1;Neuropathic_pain_drugs;;;;;;;;;;;;
Neuropathic pain;ATC;N02AX02;;algo_M1;1;0;1;1;0;0;1;Neuropathic_pain_drugs;;;;;;;;;;;;
Neuropathic pain;ATC;N02AX03;;algo_M1;0;0;1;1;0;0;1;Neuropathic_pain_drugs;;;;;;;;;;;;
Neuropathic pain;ATC;N02AX05;;algo_M1;0;0;1;1;0;0;1;Neuropathic_pain_drugs;;;;;;;;;;;;
Neuropathic pain;ATC;N02AX06;;algo_M1;0;0;1;1;1;1;1;Neuropathic_pain_drugs;;;;;;;;;;;;
Neuropathic pain;ATC;N02AX07;;algo_M1;0;0;1;1;0;0;1;Neuropathic_pain_drugs;;;;;;;;;;;;
Neuropathic pain;ATC;N02AX51;;algo_M1;0;0;1;1;0;0;1;Neuropathic_pain_drugs;;;;;;;;;;;;
Neuropathic pain;ATC;N01BB02;lidocaine plaster;algo_M1;0;1;1;1;1;1;1;Neuropathic_pain_drugs;;;;;;;;;;;;
Neuropathic pain;ATC;N01BX04 ;capsaicin;algo_M1;1;1;1;1;1;1;1;Neuropathic_pain_drugs;;;;;;;;;;;;
Neuropathic pain;ATC;N02BG08;ziconotide;algo_M1;0;0;1;0;1;1;1;Neuropathic_pain_drugs;;;;;;;;;;;;
Neuropathic pain;ATC;N07BC02 ;methadone;algo_M1;0;0;0;0;1;1;0;Neuropathic_pain_drugs;;;;;;;;;;;;
Neuropathic pain;ATC;M03AX01;botulinum toxin A;algo_M1;0;0;1;1;1;1;1;Neuropathic_pain_drugs;;;;;;;;;;;;
Neuropathic pain;READ;N2423;Neuropathic pain;algo_M1;0;1;0;0;0;0;0;Neuropathic_pain;;;;;;;;;;;;
Neuropathic pain;ICD10;B02 ;;algo_S5;1;1;1;1;1;1;1;Neuropathic_pain_S5;;;;;;;;;;;;
Neuropathic pain;ICD10;G50.0 ;;algo_S5;1;1;1;1;1;1;1;Neuropathic_pain_S5;;;;;;;;;;;;
Neuropathic pain;ICD10;G53.0 ;;algo_S5;1;1;1;1;1;1;0;Neuropathic_pain_S5;;;;;;;;;;;;
Neuropathic pain;ICD10ES;B02.2;;algo_S5;0;0;0;0;0;0;1;Neuropathic_pain_S5;;;;;;;;;;;;
Neuropathic pain;ICD10;G54.6 ;;algo_S5;1;1;1;1;1;1;0;Neuropathic_pain_S5;;;;;;;;;;;;
Neuropathic pain;ICD10ES;G57.7;;algo_S5;0;0;0;0;0;0;1;Neuropathic_pain_S5;;;;;;;;;;;;
Neuropathic pain;ICD10;G95.8 ;;algo_S5;1;1;1;1;1;1;1;Neuropathic_pain_S5;;;;;;;;;;;;
Neuropathic pain;ICD10;M79.7 ;;algo_S5;1;1;1;1;1;1;1;Neuropathic_pain_S5;;;;;;;;;;;;
Neuropathic pain;ICD10;T92.6 ;;algo_S5;1;1;1;1;1;1;1;Neuropathic_pain_S5;;;;;;;;;;;;
Neuropathic pain;ICD10;T93.6;;algo_S5;1;1;1;1;1;1;1;Neuropathic_pain_S5;;;;;;;;;;;;
Neuropathic pain;ICD10;G13.0 ;;algo_S5;1;1;1;1;1;1;1;Neuropathic_pain_S5;;;;;;;;;;;;
Neuropathic pain;ICD10;G52.1 ;;algo_S5;1;1;1;1;1;1;1;Neuropathic_pain_S5;;;;;;;;;;;;
Neuropathic pain;ICD10;G56;;algo_S5;1;1;1;1;1;1;1;Neuropathic_pain_S5;;;;;;;;;;;;
Neuropathic pain;ICD10;G57 ;;algo_S5;1;1;1;1;1;1;1;Neuropathic_pain_S5;;;;;;;;;;;;
Neuropathic pain;ICD10;G58;;algo_S5;1;1;1;1;1;1;1;Neuropathic_pain_S5;;;;;;;;;;;;
Neuropathic pain;ICD10;G59;;algo_S5;1;1;1;1;1;1;1;Neuropathic_pain_S5;;;;;;;;;;;;
Neuropathic pain;ICD10;G60;;algo_S5;1;1;1;1;1;1;1;Neuropathic_pain_S5;;;;;;;;;;;;
Neuropathic pain;ICD10;G61;;algo_S5;1;1;1;1;1;1;1;Neuropathic_pain_S5;;;;;;;;;;;;
Neuropathic pain;ICD10;G62;;algo_S5;1;1;1;1;1;1;1;Neuropathic_pain_S5;;;;;;;;;;;;
Neuropathic pain;ICD10;G63;;algo_S5;1;1;1;1;1;1;1;Neuropathic_pain_S5;;;;;;;;;;;;
Neuropathic pain;ICD10;G99.0 ;;algo_S5;1;1;1;1;1;1;1;Neuropathic_pain_S5;;;;;;;;;;;;
Neuropathic pain;ICD10;M50.1 ;;algo_S5;1;1;1;1;1;1;1;Neuropathic_pain_S5;;;;;;;;;;;;
Neuropathic pain;ICD10;M51.1 ;;algo_S5;1;1;1;1;1;1;1;Neuropathic_pain_S5;;;;;;;;;;;;
Neuropathic pain;ICD10;M54.1 ;;algo_S5;1;1;1;1;1;1;1;Neuropathic_pain_S5;;;;;;;;;;;;
Neuropathic pain;ICD10;M54.2 ;;algo_S5;1;1;1;1;1;1;1;Neuropathic_pain_S5;;;;;;;;;;;;
Neuropathic pain;ICD10;M54.3 ;;algo_S5;1;1;1;1;1;1;1;Neuropathic_pain_S5;;;;;;;;;;;;
Neuropathic pain;ICD10;M54.4 ;;algo_S5;1;1;1;1;1;1;1;Neuropathic_pain_S5;;;;;;;;;;;;
Neuropathic pain;ICPC2 ;S70 ;;algo_S5;1;0;0;0;0;0;0;Neuropathic_pain_S5;;;;;;;;;;;;
Neuropathic pain;ICPC2 ;N92;;algo_S5;1;0;0;0;0;0;0;Neuropathic_pain_S5;;;;;;;;;;;;
Neuropathic pain;READ;N248.;;algo_S5;0;1;0;0;0;0;0;Neuropathic_pain_S5;;;;;;;;;;;;
Neuropathic pain;READ;N239. ;;algo_S5;0;1;0;0;0;0;0;Neuropathic_pain_S5;;;;;;;;;;;;
Neuropathic pain;READ;N143.00 ;;algo_S5;0;1;0;0;0;0;0;Neuropathic_pain_S5;;;;;;;;;;;;
Neuropathic pain;READ;N142000;;algo_S5;0;1;0;0;0;0;0;Neuropathic_pain_S5;;;;;;;;;;;;
Neuropathic pain;ATC;J05AB01;;algo_S5;1;1;1;1;1;1;1;Neuropathic_pain_drugs_S5;;;;;;;;;;;;
Neuropathic pain;ATC;J05AB11 ;;algo_S5;1;1;1;1;1;1;1;Neuropathic_pain_drugs_S5;;;;;;;;;;;;
Neuropathic pain;ATC;J05AB09 ;;algo_S5;1;1;1;1;1;1;1;Neuropathic_pain_drugs_S5;;;;;;;;;;;;
Neuropathic pain;ATC;A10AD01;;algo_S5;1;1;1;1;1;1;1;Neuropathic_pain_drugs_S5;;;;;;;;;;;;
Neuropathic pain;ICD10;M79;;algo_S6;1;1;1;1;1;1;1;Neuropathic_pain_S6;;;;;;;;;;;;
Neuropathic pain;ICD10;R52 ;;algo_S6;1;1;1;1;1;1;1;Neuropathic_pain_S6;;;;;;;;;;;;
Neuropathic pain;ICD10;G35.9;;algo_S6;1;1;1;1;1;1;1;Neuropathic_pain_S6;;;;;;;;;;;;
Neuropathic pain;ICD10;G50.0;;algo_S6;1;1;1;1;1;1;1;Neuropathic_pain_S6;;;;;;;;;;;;
Neuropathic pain;ICD10;G50.1;;algo_S6;1;1;1;1;1;1;1;Neuropathic_pain_S6;;;;;;;;;;;;
Neuropathic pain;ICD10;G51.0;;algo_S6;1;1;1;1;1;1;1;Neuropathic_pain_S6;;;;;;;;;;;;
Neuropathic pain;ICD10;G53.0;;algo_S6;1;1;1;1;1;1;0;Neuropathic_pain_S6;;;;;;;;;;;;
Neuropathic pain;ICD10ES;B02.2;;algo_S6;0;0;0;0;0;0;1;Neuropathic_pain_S6;;;;;;;;;;;;
Neuropathic pain;ICD10;G54.4;;algo_S6;1;1;1;1;1;1;1;Neuropathic_pain_S6;;;;;;;;;;;;
Neuropathic pain;ICD10;G54.6;;algo_S6;1;1;1;1;1;1;1;Neuropathic_pain_S6;;;;;;;;;;;;
Neuropathic pain;ICD10;G55.0;;algo_S6;1;1;1;1;1;1;0;Neuropathic_pain_S6;;;;;;;;;;;;
Neuropathic pain;ICD10ES;G55;;algo_S6;0;0;0;0;0;0;1;Neuropathic_pain_S6;;;;;;;;;;;;
Neuropathic pain;ICD10;G55.1;;algo_S6;1;1;1;1;1;1;0;Neuropathic_pain_S6;;;;;;;;;;;;
Neuropathic pain;ICD10;G56.0;;algo_S6;1;1;1;1;1;1;1;Neuropathic_pain_S6;;;;;;;;;;;;
Neuropathic pain;ICD10;G56.2;;algo_S6;1;1;1;1;1;1;1;Neuropathic_pain_S6;;;;;;;;;;;;
Neuropathic pain;ICD10;G56.4;;algo_S6;1;1;1;1;1;1;0;Neuropathic_pain_S6;;;;;;;;;;;;
Neuropathic pain;ICD10ES;G57.7;;algo_S6;0;0;0;0;0;0;1;Neuropathic_pain_S6;;;;;;;;;;;;
Neuropathic pain;ICD10;G56.9;;algo_S6;1;1;1;1;1;1;1;Neuropathic_pain_S6;;;;;;;;;;;;
Neuropathic pain;ICD10;G57.0;;algo_S6;1;1;1;1;1;1;1;Neuropathic_pain_S6;;;;;;;;;;;;
Neuropathic pain;ICD10;G57.1;;algo_S6;1;1;1;1;1;1;1;Neuropathic_pain_S6;;;;;;;;;;;;
Neuropathic pain;ICD10;G57.8;;algo_S6;1;1;1;1;1;1;1;Neuropathic_pain_S6;;;;;;;;;;;;
Neuropathic pain;ICD10;G57.9;;algo_S6;1;1;1;1;1;1;1;Neuropathic_pain_S6;;;;;;;;;;;;
Neuropathic pain;ICD10;G58.0;;algo_S6;1;1;1;1;1;1;1;Neuropathic_pain_S6;;;;;;;;;;;;
Neuropathic pain;ICD10;G58.7;;algo_S6;1;1;1;1;1;1;1;Neuropathic_pain_S6;;;;;;;;;;;;
Neuropathic pain;ICD10;G58.8;;algo_S6;1;1;1;1;1;1;1;Neuropathic_pain_S6;;;;;;;;;;;;
Neuropathic pain;ICD10;G62.9;;algo_S6;1;1;1;1;1;1;1;Neuropathic_pain_S6;;;;;;;;;;;;
Neuropathic pain;ICD10;G63.2;;algo_S6;1;1;1;1;1;1;0;Neuropathic_pain_S6;;;;;;;;;;;;
Neuropathic pain;ICD10ES;E11.42;;algo_S6;0;0;0;0;0;0;1;Neuropathic_pain_S6;;;;;;;;;;;;
Neuropathic pain;ICD10;G82.1;;algo_S6;1;1;1;1;1;1;0;Neuropathic_pain_S6;;;;;;;;;;;;
Neuropathic pain;ICD10ES;G11.4;;algo_S6;0;0;0;0;0;0;1;Neuropathic_pain_S6;;;;;;;;;;;;
Neuropathic pain;ICD10;G95.0;;algo_S6;1;1;1;1;1;1;1;Neuropathic_pain_S6;;;;;;;;;;;;
Neuropathic pain;ICD10;G95.2;;algo_S6;1;1;1;1;1;1;1;Neuropathic_pain_S6;;;;;;;;;;;;
Neuropathic pain;ICD10;G95.8;;algo_S6;1;1;1;1;1;1;1;Neuropathic_pain_S6;;;;;;;;;;;;
Neuropathic pain;ICD10;G97.9;;algo_S6;1;1;1;1;1;1;0;Neuropathic_pain_S6;;;;;;;;;;;;
Neuropathic pain;ICD10ES;G97.8;;algo_S6;0;0;0;0;0;0;1;Neuropathic_pain_S6;;;;;;;;;;;;
Neuropathic pain;ICD10;I69.1;;algo_S6;1;1;1;1;1;1;1;Neuropathic_pain_S6;;;;;;;;;;;;
Neuropathic pain;ICD10;I69.3;;algo_S6;1;1;1;1;1;1;1;Neuropathic_pain_S6;;;;;;;;;;;;
Neuropathic pain;ICD10;M48.0;;algo_S6;1;1;1;1;1;1;1;Neuropathic_pain_S6;;;;;;;;;;;;
Neuropathic pain;ICD10;M50.1;;algo_S6;1;1;1;1;1;1;1;Neuropathic_pain_S6;;;;;;;;;;;;
Neuropathic pain;ICD10;M53.0;;algo_S6;1;1;1;1;1;1;1;Neuropathic_pain_S6;;;;;;;;;;;;
Neuropathic pain;ICD10;M53.1;;algo_S6;1;1;1;1;1;1;1;Neuropathic_pain_S6;;;;;;;;;;;;
Neuropathic pain;ICD10;M54.1;;algo_S6;1;1;1;1;1;1;1;Neuropathic_pain_S6;;;;;;;;;;;;
Neuropathic pain;ICD10;M54.3;;algo_S6;1;1;1;1;1;1;1;Neuropathic_pain_S6;;;;;;;;;;;;
Neuropathic pain;ICD10;M54.4;;algo_S6;1;1;1;1;1;1;1;Neuropathic_pain_S6;;;;;;;;;;;;
Neuropathic pain;ICD10;M79.2;;algo_S6;1;1;1;1;1;1;1;Neuropathic_pain_S6;;;;;;;;;;;;
Neuropathic pain;ICD10;M89.0;;algo_S6;1;1;1;1;1;1;1;Neuropathic_pain_S6;;;;;;;;;;;;
Neuropathic pain;ICPC2;N92;;algo_S6;1;0;0;0;0;0;0;Neuropathic_pain_S6;;;;;;;;;;;;
Neuropathic pain;READ;F20;;algo_S6;0;1;0;0;0;0;0;Neuropathic_pain_S6;;;;;;;;;;;;
Neuropathic pain;READ;N143.00 ;;algo_S6;0;1;0;0;0;0;0;Neuropathic_pain_S6;;;;;;;;;;;;
Neuropathic pain;READ;N142000;;algo_S6;0;1;0;0;0;0;0;Neuropathic_pain_S6;;;;;;;;;;;;
Neuropathic pain;ATC;A10AD01;;algo_S6;1;1;1;1;1;1;1;Neuropathic_pain_drugs_S6;;;;;;;;;;;;
Neuropathic pain;ATC;J05AB01;;algo_S6;1;1;1;1;1;1;1;Neuropathic_pain_drugs_S6;;;;;;;;;;;;
Neuropathic pain;ATC;J05AB11;;algo_S6;1;1;1;1;1;1;1;Neuropathic_pain_drugs_S6;;;;;;;;;;;;
Neuropathic pain;ATC;J05AB09;;algo_S6;1;1;1;1;1;1;1;Neuropathic_pain_drugs_S6;;;;;;;;;;;;
Other uses;ICD10;M79.7 ;Fibromyalgia;algo_S1;1;1;1;1;1;1;1;Other_uses;;;;;;;;;;;;
Other uses;ICD10;G25.81 ;Restless legs syndrome;algo_S1;1;1;1;1;1;1;1;Other_uses;;;;;;;;;;;;
Other uses;ICD10;F31 ;Bipolar disorder;algo_S1;1;1;1;1;1;1;1;Other_uses;;;;;;;;;;;;
Other uses;ICD10;F51.0;Insomnia;algo_S1;1;1;1;1;1;1;1;Other_uses;;;;;;;;;;;;
Other uses;ICD10;G47.0 ;Insomnia;algo_S1;1;1;1;1;1;1;1;Other_uses;;;;;;;;;;;;
Other uses;ICD10;L29 ;Pruritus;algo_S1;1;1;1;1;1;1;1;Other_uses;;;;;;;;;;;;
Other uses;ICD10;N95;menopause;algo_S1;1;1;1;1;1;1;1;Other_uses;;;;;;;;;;;;
Other uses;ICD10;G12.2 ;motor neurone diseases;algo_S1;1;1;1;1;1;1;1;Other_uses;;;;;;;;;;;;
Other uses;ICD10;G35 ;multiple sclerosis;algo_S1;1;1;1;1;1;1;1;Other_uses;;;;;;;;;;;;
Other uses;ICD9;729.1;;algo_S1;0;0;0;0;1;1;1;Other_uses;;;;;;;;;;;;
Other uses;ICD9;333.94;;algo_S1;0;0;0;0;1;1;1;Other_uses;;;;;;;;;;;;
Other uses;ICD9;296.0;;algo_S1;0;0;0;0;1;1;1;Other_uses;;;;;;;;;;;;
Other uses;ICD9;296.4;;algo_S1;0;0;0;0;1;1;1;Other_uses;;;;;;;;;;;;
Other uses;ICD9;296.5;;algo_S1;0;0;0;0;1;1;1;Other_uses;;;;;;;;;;;;
Other uses;ICD9;296.6;;algo_S1;0;0;0;0;1;1;1;Other_uses;;;;;;;;;;;;
Other uses;ICD9;296.7;;algo_S1;0;0;0;0;1;1;1;Other_uses;;;;;;;;;;;;
Other uses;ICD9;296.80;;algo_S1;0;0;0;0;1;1;1;Other_uses;;;;;;;;;;;;
Other uses;ICD9;296.89;;algo_S1;0;0;0;0;1;1;1;Other_uses;;;;;;;;;;;;
Other uses;ICD9;327.0;;algo_S1;0;0;0;0;1;1;1;Other_uses;;;;;;;;;;;;
Other uses;ICD9;307.4;;algo_S1;0;0;0;0;1;1;1;Other_uses;;;;;;;;;;;;
Other uses;ICD9;292.85;;algo_S1;0;0;0;0;1;1;1;Other_uses;;;;;;;;;;;;
Other uses;ICD9;698.0;;algo_S1;0;0;0;0;1;1;1;Other_uses;;;;;;;;;;;;
Other uses;ICD9;698.1;;algo_S1;0;0;0;0;1;1;1;Other_uses;;;;;;;;;;;;
Other uses;ICD9;698.8;;algo_S1;0;0;0;0;1;1;1;Other_uses;;;;;;;;;;;;
Other uses;ICD9;698.9;;algo_S1;0;0;0;0;1;1;1;Other_uses;;;;;;;;;;;;
Other uses;ICD9;627;;algo_S1;0;0;0;0;1;1;1;Other_uses;;;;;;;;;;;;
Other uses;ICD9;340;;algo_S1;0;0;0;0;1;1;1;Other_uses;;;;;;;;;;;;
Other uses;ICD9;335.2;;algo_S1;0;0;0;0;1;1;1;Other_uses;;;;;;;;;;;;
Potential mise/ abuse;ICD10;F10;Alcohol withdrawal;algo_S1;1;1;1;1;1;1;1;Potential_mise_abuse;;;;;;;;;;;;
Potential mise/ abuse;ICD10;F11;Substance use disorders;algo_S1;1;1;1;1;1;1;1;Potential_mise_abuse;;;;;;;;;;;;
Potential mise/ abuse;ICD10;F12;Substance use disorders;algo_S1;1;1;1;1;1;1;1;Potential_mise_abuse;;;;;;;;;;;;
Potential mise/ abuse;ICD10;F13;Substance use disorders;algo_S1;1;1;1;1;1;1;1;Potential_mise_abuse;;;;;;;;;;;;
Potential mise/ abuse;ICD10;F14;Substance use disorders;algo_S1;1;1;1;1;1;1;1;Potential_mise_abuse;;;;;;;;;;;;
Potential mise/ abuse;ICD10;F15;Substance use disorders;algo_S1;1;1;1;1;1;1;1;Potential_mise_abuse;;;;;;;;;;;;
Potential mise/ abuse;ICD10;F16;Substance use disorders;algo_S1;1;1;1;1;1;1;1;Potential_mise_abuse;;;;;;;;;;;;
Potential mise/ abuse;ICD10;F17;Substance use disorders;algo_S1;1;1;1;1;1;1;1;Potential_mise_abuse;;;;;;;;;;;;
Potential mise/ abuse;ICD10;F18;Substance use disorders;algo_S1;1;1;1;1;1;1;1;Potential_mise_abuse;;;;;;;;;;;;
Potential mise/ abuse;ICD10;F19;Substance use disorders;algo_S1;1;1;1;1;1;1;1;Potential_mise_abuse;;;;;;;;;;;;
Potential mise/ abuse;ICD10;Z71.4;Substance use disorders;algo_S1;1;1;1;1;1;1;1;Potential_mise_abuse;;;;;;;;;;;;
Potential mise/ abuse;ICD10;Z71.5;Substance use disorders;algo_S1;1;1;1;1;1;1;1;Potential_mise_abuse;;;;;;;;;;;;
Potential mise/ abuse;ICD9;303;Substance use disorders;algo_S1;0;0;0;0;1;1;1;Potential_mise_abuse;;;;;;;;;;;;
Potential mise/ abuse;ICD9;304;Substance use disorders;algo_S1;0;0;0;0;1;1;1;Potential_mise_abuse;;;;;;;;;;;;
Potential mise/ abuse;ICD9;305;Substance use disorders;algo_S1;0;0;0;0;1;1;1;Potential_mise_abuse;;;;;;;;;;;;
Potential mise/ abuse;ICD9;291;Substance use disorders;algo_S1;0;0;0;0;1;1;1;Potential_mise_abuse;;;;;;;;;;;;
Potential mise/ abuse;ICD9;V65.42;Substance use disorders;algo_S1;0;0;0;0;1;1;1;Potential_mise_abuse;;;;;;;;;;;;
Pregabalin;ATC;N03AX16;;algo_M1;1;1;1;1;1;1;1;Pregabalin;;Exception;;;;;;;;;;
Pregabalin;ATC;N02BF02;;algo_M1;1;1;1;1;1;1;1;Pregabalin;;;;;;;;;;;;
;;;;;;;;;;;;;;;;;;;;;;;;
;;;;;;;;;;;;;;;;;;;;;;;;
;;;;;;;;;;;;;;;;;;;;;;;;
;;;;;;;;;;;;;;;;;;;;;;;;
;;;;;;;;;;;;;;;;;;;;;;;;
;;;;;;;;;;;;;;;;;;;;;;;;
;;;;;;;;;;;;;;;;;;;;;;;;
;;;;;;;;;;;;;;;;;;;;;;;;
;;;;;;;;;;;;;;;;;;;;;;;;
;;;;;;;;;;;;;;;;;;;;;;;;
;;;;;;;;;;;;;;;;;;;;;;;;
;;;;;;;;;;;;;;;;;;;;;;;;
;;;;;;;;;;;;;;;;;;;;;;;;
;;;;;;;;;;;;;;;;;;;;;;;;
;;;;;;;;;;;;;;;;;;;;;;;;
;;;;;;;;;;;;;;;;;;;;;;;;
;;;;;;;;;;;;;;;;;;;;;;;;
;;;;;;;;;;;;;;;;;;;;;;;;
;;;;;;;;;;;;;;;;;;;;;;;;
;;;;;;;;;;;;;;;;;;;;;;;;
;;;;;;;;;;;;;;;;;;;;;;;;
;;;;;;;;;;;;;;;;;;;;;;;;
;;;;;;;;;;;;;;;;;;;;;;;;
;;;;;;;;;;;;;;;;;;;;;;;;
;;;;;;;;;;;;;;;;;;;;;;;;
;;;;;;;;;;;;;;;;;;;;;;;;
;;;;;;;;;;;;;;;;;;;;;;;;
;;;;;;;;;;;;;;;;;;;;;;;;
;;;;;;;;;;;;;;;;;;;;;;;;
;;;;;;;;;;;;;;;;;;;;;;;;
;;;;;;;;;;;;;;;;;;;;;;;;
;;;;;;;;;;;;;;;;;;;;;;;;
;;;;;;;;;;;;;;;;;;;;;;;;
;;;;;;;;;;;;;;;;;;;;;;;;
;;;;;;;;;;;;;;;;;;;;;;;;
;;;;;;;;;;;;;;;;;;;;;;;;
;;;;;;;;;;;;;;;;;;;;;;;;
;;;;;;;;;;;;;;;;;;;;;;;;
;;;;;;;;;;;;;;;;;;;;;;;;
;;;;;;;;;;;;;;;;;;;;;;;;
;;;;;;;;;;;;;;;;;;;;;;;;
;;;;;;;;;;;;;;;;;;;;;;;;
;;;;;;;;;;;;;;;;;;;;;;;;
;;;;;;;;;;;;;;;;;;;;;;;;
;;;;;;;;;;;;;;;;;;;;;;;;
;;;;;;;;;;;;;;;;;;;;;;;;
;;;;;;;;;;;;;;;;;;;;;;;;
;;;;;;;;;;;;;;;;;;;;;;;;
;;;;;;;;;;;;;;;;;;;;;;;;
;;;;;;;;;;;;;;;;;;;;;;;;
;;;;;;;;;;;;;;;;;;;;;;;;
;;;;;;;;;;;;;;;;;;;;;;;;
;;;;;;;;;;;;;;;;;;;;;;;;
;;;;;;;;;;;;;;;;;;;;;;;;
;;;;;;;;;;;;;;;;;;;;;;;;
;;;;;;;;;;;;;;;;;;;;;;;;
;;;;;;;;;;;;;;;;;;;;;;;;
;;;;;;;;;;;;;;;;;;;;;;;;
;;;;;;;;;;;;;;;;;;;;;;;;
;;;;;;;;;;;;;;;;;;;;;;;;
;;;;;;;;;;;;;;;;;;;;;;;;
;;;;;;;;;;;;;;;;;;;;;;;;
;;;;;;;;;;;;;;;;;;;;;;;;
;;;;;;;;;;;;;;;;;;;;;;;;
;;;;;;;;;;;;;;;;;;;;;;;;
;;;;;;;;;;;;;;;;;;;;;;;;
;;;;;;;;;;;;;;;;;;;;;;;;
;;;;;;;;;;;;;;;;;;;;;;;;
;;;;;;;;;;;;;;;;;;;;;;;;
;;;;;;;;;;;;;;;;;;;;;;;;
;;;;;;;;;;;;;;;;;;;;;;;;
;;;;;;;;;;;;;;;;;;;;;;;;
;;;;;;;;;;;;;;;;;;;;;;;;
;;;;;;;;;;;;;;;;;;;;;;;;
;;;;;;;;;;;;;;;;;;;;;;;;
;;;;;;;;;;;;;;;;;;;;;;;;
;;;;;;;;;;;;;;;;;;;;;;;;
;;;;;;;;;;;;;;;;;;;;;;;;
;;;;;;;;;;;;;;;;;;;;;;;;
;;;;;;;;;;;;;;;;;;;;;;;;
;;;;;;;;;;;;;;;;;;;;;;;;
;;;;;;;;;;;;;;;;;;;;;;;;
;;;;;;;;;;;;;;;;;;;;;;;;
;;;;;;;;;;;;;;;;;;;;;;;;
;;;;;;;;;;;;;;;;;;;;;;;;
;;;;;;;;;;;;;;;;;;;;;;;;
;;;;;;;;;;;;;;;;;;;;;;;;
;;;;;;;;;;;;;;;;;;;;;;;;
;;;;;;;;;;;;;;;;;;;;;;;;
;;;;;;;;;;;;;;;;;;;;;;;;
;;;;;;;;;;;;;;;;;;;;;;;;
;;;;;;;;;;;;;;;;;;;;;;;;
;;;;;;;;;;;;;;;;;;;;;;;;
;;;;;;;;;;;;;;;;;;;;;;;;
;;;;;;;;;;;;;;;;;;;;;;;;
;;;;;;;;;;;;;;;;;;;;;;;;
;;;;;;;;;;;;;;;;;;;;;;;;
;;;;;;;;;;;;;;;;;;;;;;;;
;;;;;;;;;;;;;;;;;;;;;;;;
;;;;;;;;;;;;;;;;;;;;;;;;
;;;;;;;;;;;;;;;;;;;;;;;;
;;;;;;;;;;;;;;;;;;;;;;;;
;;;;;;;;;;;;;;;;;;;;;;;;
;;;;;;;;;;;;;;;;;;;;;;;;
;;;;;;;;;;;;;;;;;;;;;;;;
;;;;;;;;;;;;;;;;;;;;;;;;
;;;;;;;;;;;;;;;;;;;;;;;;
;;;;;;;;;;;;;;;;;;;;;;;;
;;;;;;;;;;;;;;;;;;;;;;;;
;;;;;;;;;;;;;;;;;;;;;;;;
;;;;;;;;;;;;;;;;;;;;;;;;
;;;;;;;;;;;;;;;;;;;;;;;;
;;;;;;;;;;;;;;;;;;;;;;;;
;;;;;;;;;;;;;;;;;;;;;;;;
;;;;;;;;;;;;;;;;;;;;;;;;
;;;;;;;;;;;;;;;;;;;;;;;;
;;;;;;;;;;;;;;;;;;;;;;;;
;;;;;;;;;;;;;;;;;;;;;;;;
;;;;;;;;;;;;;;;;;;;;;;;;
;;;;;;;;;;;;;;;;;;;;;;;;
;;;;;;;;;;;;;;;;;;;;;;;;
;;;;;;;;;;;;;;;;;;;;;;;;
;;;;;;;;;;;;;;;;;;;;;;;;
;;;;;;;;;;;;;;;;;;;;;;;;
;;;;;;;;;;;;;;;;;;;;;;;;
;;;;;;;;;;;;;;;;;;;;;;;;
;;;;;;;;;;;;;;;;;;;;;;;;
;;;;;;;;;;;;;;;;;;;;;;;;
;;;;;;;;;;;;;;;;;;;;;;;;
;;;;;;;;;;;;;;;;;;;;;;;;
;;;;;;;;;;;;;;;;;;;;;;;;
;;;;;;;;;;;;;;;;;;;;;;;;
;;;;;;;;;;;;;;;;;;;;;;;;
;;;;;;;;;;;;;;;;;;;;;;;;
;;;;;;;;;;;;;;;;;;;;;;;;
;;;;;;;;;;;;;;;;;;;;;;;;
;;;;;;;;;;;;;;;;;;;;;;;;
;;;;;;;;;;;;;;;;;;;;;;;;
;;;;;;;;;;;;;;;;;;;;;;;;
;;;;;;;;;;;;;;;;;;;;;;;;
;;;;;;;;;;;;;;;;;;;;;;;;
;;;;;;;;;;;;;;;;;;;;;;;;
;;;;;;;;;;;;;;;;;;;;;;;;
;;;;;;;;;;;;;;;;;;;;;;;;
;;;;;;;;;;;;;;;;;;;;;;;;
;;;;;;;;;;;;;;;;;;;;;;;;
;;;;;;;;;;;;;;;;;;;;;;;;
;;;;;;;;;;;;;;;;;;;;;;;;
;;;;;;;;;;;;;;;;;;;;;;;;
;;;;;;;;;;;;;;;;;;;;;;;;
;;;;;;;;;;;;;;;;;;;;;;;;
;;;;;;;;;;;;;;;;;;;;;;;;
;;;;;;;;;;;;;;;;;;;;;;;;
;;;;;;;;;;;;;;;;;;;;;;;;
;;;;;;;;;;;;;;;;;;;;;;;;
;;;;;;;;;;;;;;;;;;;;;;;;
;;;;;;;;;;;;;;;;;;;;;;;;
;;;;;;;;;;;;;;;;;;;;;;;;
;;;;;;;;;;;;;;;;;;;;;;;;
;;;;;;;;;;;;;;;;;;;;;;;;
;;;;;;;;;;;;;;;;;;;;;;;;
;;;;;;;;;;;;;;;;;;;;;;;;
;;;;;;;;;;;;;;;;;;;;;;;;
;;;;;;;;;;;;;;;;;;;;;;;;
;;;;;;;;;;;;;;;;;;;;;;;;
;;;;;;;;;;;;;;;;;;;;;;;;
;;;;;;;;;;;;;;;;;;;;;;;;
;;;;;;;;;;;;;;;;;;;;;;;;
;;;;;;;;;;;;;;;;;;;;;;;;
;;;;;;;;;;;;;;;;;;;;;;;;
;;;;;;;;;;;;;;;;;;;;;;;;
;;;;;;;;;;;;;;;;;;;;;;;;
;;;;;;;;;;;;;;;;;;;;;;;;
;;;;;;;;;;;;;;;;;;;;;;;;
;;;;;;;;;;;;;;;;;;;;;;;;
;;;;;;;;;;;;;;;;;;;;;;;;
;;;;;;;;;;;;;;;;;;;;;;;;
;;;;;;;;;;;;;;;;;;;;;;;;
;;;;;;;;;;;;;;;;;;;;;;;;
;;;;;;;;;;;;;;;;;;;;;;;;
;;;;;;;;;;;;;;;;;;;;;;;;
;;;;;;;;;;;;;;;;;;;;;;;;
;;;;;;;;;;;;;;;;;;;;;;;;
;;;;;;;;;;;;;;;;;;;;;;;;
;;;;;;;;;;;;;;;;;;;;;;;;
;;;;;;;;;;;;;;;;;;;;;;;;
;;;;;;;;;;;;;;;;;;;;;;;;
;;;;;;;;;;;;;;;;;;;;;;;;
;;;;;;;;;;;;;;;;;;;;;;;;
;;;;;;;;;;;;;;;;;;;;;;;;
;;;;;;;;;;;;;;;;;;;;;;;;
;;;;;;;;;;;;;;;;;;;;;;;;
;;;;;;;;;;;;;;;;;;;;;;;;
;;;;;;;;;;;;;;;;;;;;;;;;
;;;;;;;;;;;;;;;;;;;;;;;;
;;;;;;;;;;;;;;;;;;;;;;;;
;;;;;;;;;;;;;;;;;;;;;;;;
;;;;;;;;;;;;;;;;;;;;;;;;
;;;;;;;;;;;;;;;;;;;;;;;;
;;;;;;;;;;;;;;;;;;;;;;;;
;;;;;;;;;;;;;;;;;;;;;;;;
;;;;;;;;;;;;;;;;;;;;;;;;
;;;;;;;;;;;;;;;;;;;;;;;;
;;;;;;;;;;;;;;;;;;;;;;;;
;;;;;;;;;;;;;;;;;;;;;;;;
;;;;;;;;;;;;;;;;;;;;;;;;
;;;;;;;;;;;;;;;;;;;;;;;;
;;;;;;;;;;;;;;;;;;;;;;;;
;;;;;;;;;;;;;;;;;;;;;;;;
;;;;;;;;;;;;;;;;;;;;;;;;
;;;;;;;;;;;;;;;;;;;;;;;;
;;;;;;;;;;;;;;;;;;;;;;;;
;;;;;;;;;;;;;;;;;;;;;;;;
;;;;;;;;;;;;;;;;;;;;;;;;
;;;;;;;;;;;;;;;;;;;;;;;;
;;;;;;;;;;;;;;;;;;;;;;;;
;;;;;;;;;;;;;;;;;;;;;;;;
;;;;;;;;;;;;;;;;;;;;;;;;
;;;;;;;;;;;;;;;;;;;;;;;;
;;;;;;;;;;;;;;;;;;;;;;;;
;;;;;;;;;;;;;;;;;;;;;;;;
;;;;;;;;;;;;;;;;;;;;;;;;
;;;;;;;;;;;;;;;;;;;;;;;;
;;;;;;;;;;;;;;;;;;;;;;;;
;;;;;;;;;;;;;;;;;;;;;;;;
;;;;;;;;;;;;;;;;;;;;;;;;
;;;;;;;;;;;;;;;;;;;;;;;;
;;;;;;;;;;;;;;;;;;;;;;;;
;;;;;;;;;;;;;;;;;;;;;;;;
;;;;;;;;;;;;;;;;;;;;;;;;
;;;;;;;;;;;;;;;;;;;;;;;;
;;;;;;;;;;;;;;;;;;;;;;;;
;;;;;;;;;;;;;;;;;;;;;;;;
;;;;;;;;;;;;;;;;;;;;;;;;
;;;;;;;;;;;;;;;;;;;;;;;;
;;;;;;;;;;;;;;;;;;;;;;;;
;;;;;;;;;;;;;;;;;;;;;;;;
;;;;;;;;;;;;;;;;;;;;;;;;
;;;;;;;;;;;;;;;;;;;;;;;;
;;;;;;;;;;;;;;;;;;;;;;;;
;;;;;;;;;;;;;;;;;;;;;;;;
;;;;;;;;;;;;;;;;;;;;;;;;
;;;;;;;;;;;;;;;;;;;;;;;;
;;;;;;;;;;;;;;;;;;;;;;;;
;;;;;;;;;;;;;;;;;;;;;;;;
;;;;;;;;;;;;;;;;;;;;;;;;
;;;;;;;;;;;;;;;;;;;;;;;;
;;;;;;;;;;;;;;;;;;;;;;;;
;;;;;;;;;;;;;;;;;;;;;;;;
;;;;;;;;;;;;;;;;;;;;;;;;
;;;;;;;;;;;;;;;;;;;;;;;;
;;;;;;;;;;;;;;;;;;;;;;;;
;;;;;;;;;;;;;;;;;;;;;;;;
;;;;;;;;;;;;;;;;;;;;;;;;
;;;;;;;;;;;;;;;;;;;;;;;;
;;;;;;;;;;;;;;;;;;;;;;;;
;;;;;;;;;;;;;;;;;;;;;;;;
;;;;;;;;;;;;;;;;;;;;;;;;
;;;;;;;;;;;;;;;;;;;;;;;;
;;;;;;;;;;;;;;;;;;;;;;;;
;;;;;;;;;;;;;;;;;;;;;;;;
;;;;;;;;;;;;;;;;;;;;;;;;
;;;;;;;;;;;;;;;;;;;;;;;;
;;;;;;;;;;;;;;;;;;;;;;;;
;;;;;;;;;;;;;;;;;;;;;;;;
;;;;;;;;;;;;;;;;;;;;;;;;
;;;;;;;;;;;;;;;;;;;;;;;;
;;;;;;;;;;;;;;;;;;;;;;;;
;;;;;;;;;;;;;;;;;;;;;;;;
;;;;;;;;;;;;;;;;;;;;;;;;
;;;;;;;;;;;;;;;;;;;;;;;;
;;;;;;;;;;;;;;;;;;;;;;;;
;;;;;;;;;;;;;;;;;;;;;;;;
;;;;;;;;;;;;;;;;;;;;;;;;
;;;;;;;;;;;;;;;;;;;;;;;;
;;;;;;;;;;;;;;;;;;;;;;;;
;;;;;;;;;;;;;;;;;;;;;;;;
;;;;;;;;;;;;;;;;;;;;;;;;
;;;;;;;;;;;;;;;;;;;;;;;;
;;;;;;;;;;;;;;;;;;;;;;;;
;;;;;;;;;;;;;;;;;;;;;;;;
;;;;;;;;;;;;;;;;;;;;;;;;
;;;;;;;;;;;;;;;;;;;;;;;;
;;;;;;;;;;;;;;;;;;;;;;;;
;;;;;;;;;;;;;;;;;;;;;;;;
;;;;;;;;;;;;;;;;;;;;;;;;
;;;;;;;;;;;;;;;;;;;;;;;;
;;;;;;;;;;;;;;;;;;;;;;;;
;;;;;;;;;;;;;;;;;;;;;;;;
;;;;;;;;;;;;;;;;;;;;;;;;
;;;;;;;;;;;;;;;;;;;;;;;;
;;;;;;;;;;;;;;;;;;;;;;;;
;;;;;;;;;;;;;;;;;;;;;;;;
;;;;;;;;;;;;;;;;;;;;;;;;
;;;;;;;;;;;;;;;;;;;;;;;;
;;;;;;;;;;;;;;;;;;;;;;;;
;;;;;;;;;;;;;;;;;;;;;;;;
;;;;;;;;;;;;;;;;;;;;;;;;
;;;;;;;;;;;;;;;;;;;;;;;;
;;;;;;;;;;;;;;;;;;;;;;;;
;;;;;;;;;;;;;;;;;;;;;;;;
;;;;;;;;;;;;;;;;;;;;;;;;
;;;;;;;;;;;;;;;;;;;;;;;;
;;;;;;;;;;;;;;;;;;;;;;;;
;;;;;;;;;;;;;;;;;;;;;;;;
;;;;;;;;;;;;;;;;;;;;;;;;
;;;;;;;;;;;;;;;;;;;;;;;;
;;;;;;;;;;;;;;;;;;;;;;;;
;;;;;;;;;;;;;;;;;;;;;;;;
;;;;;;;;;;;;;;;;;;;;;;;;
;;;;;;;;;;;;;;;;;;;;;;;;
;;;;;;;;;;;;;;;;;;;;;;;;
;;;;;;;;;;;;;;;;;;;;;;;;
;;;;;;;;;;;;;;;;;;;;;;;;
;;;;;;;;;;;;;;;;;;;;;;;;
;;;;;;;;;;;;;;;;;;;;;;;;
;;;;;;;;;;;;;;;;;;;;;;;;
;;;;;;;;;;;;;;;;;;;;;;;;
;;;;;;;;;;;;;;;;;;;;;;;;
;;;;;;;;;;;;;;;;;;;;;;;;
;;;;;;;;;;;;;;;;;;;;;;;;
;;;;;;;;;;;;;;;;;;;;;;;;
;;;;;;;;;;;;;;;;;;;;;;;;
;;;;;;;;;;;;;;;;;;;;;;;;
;;;;;;;;;;;;;;;;;;;;;;;;
;;;;;;;;;;;;;;;;;;;;;;;;
;;;;;;;;;;;;;;;;;;;;;;;;
;;;;;;;;;;;;;;;;;;;;;;;;
;;;;;;;;;;;;;;;;;;;;;;;;
;;;;;;;;;;;;;;;;;;;;;;;;
;;;;;;;;;;;;;;;;;;;;;;;;
;;;;;;;;;;;;;;;;;;;;;;;;
;;;;;;;;;;;;;;;;;;;;;;;;
;;;;;;;;;;;;;;;;;;;;;;;;
;;;;;;;;;;;;;;;;;;;;;;;;
;;;;;;;;;;;;;;;;;;;;;;;;
;;;;;;;;;;;;;;;;;;;;;;;;
;;;;;;;;;;;;;;;;;;;;;;;;
;;;;;;;;;;;;;;;;;;;;;;;;
;;;;;;;;;;;;;;;;;;;;;;;;
;;;;;;;;;;;;;;;;;;;;;;;;
;;;;;;;;;;;;;;;;;;;;;;;;
;;;;;;;;;;;;;;;;;;;;;;;;
;;;;;;;;;;;;;;;;;;;;;;;;
;;;;;;;;;;;;;;;;;;;;;;;;
;;;;;;;;;;;;;;;;;;;;;;;;
;;;;;;;;;;;;;;;;;;;;;;;;
;;;;;;;;;;;;;;;;;;;;;;;;
;;;;;;;;;;;;;;;;;;;;;;;;
;;;;;;;;;;;;;;;;;;;;;;;;
;;;;;;;;;;;;;;;;;;;;;;;;
;;;;;;;;;;;;;;;;;;;;;;;;
;;;;;;;;;;;;;;;;;;;;;;;;
;;;;;;;;;;;;;;;;;;;;;;;;
;;;;;;;;;;;;;;;;;;;;;;;;
;;;;;;;;;;;;;;;;;;;;;;;;
;;;;;;;;;;;;;;;;;;;;;;;;
;;;;;;;;;;;;;;;;;;;;;;;;
;;;;;;;;;;;;;;;;;;;;;;;;
;;;;;;;;;;;;;;;;;;;;;;;;
;;;;;;;;;;;;;;;;;;;;;;;;
;;;;;;;;;;;;;;;;;;;;;;;;
;;;;;;;;;;;;;;;;;;;;;;;;
;;;;;;;;;;;;;;;;;;;;;;;;
;;;;;;;;;;;;;;;;;;;;;;;;
;;;;;;;;;;;;;;;;;;;;;;;;
;;;;;;;;;;;;;;;;;;;;;;;;
;;;;;;;;;;;;;;;;;;;;;;;;
;;;;;;;;;;;;;;;;;;;;;;;;
;;;;;;;;;;;;;;;;;;;;;;;;
;;;;;;;;;;;;;;;;;;;;;;;;
;;;;;;;;;;;;;;;;;;;;;;;;
;;;;;;;;;;;;;;;;;;;;;;;;
;;;;;;;;;;;;;;;;;;;;;;;;
;;;;;;;;;;;;;;;;;;;;;;;;
;;;;;;;;;;;;;;;;;;;;;;;;
;;;;;;;;;;;;;;;;;;;;;;;;
;;;;;;;;;;;;;;;;;;;;;;;;
;;;;;;;;;;;;;;;;;;;;;;;;
;;;;;;;;;;;;;;;;;;;;;;;;
;;;;;;;;;;;;;;;;;;;;;;;;
;;;;;;;;;;;;;;;;;;;;;;;;
;;;;;;;;;;;;;;;;;;;;;;;;
;;;;;;;;;;;;;;;;;;;;;;;;
;;;;;;;;;;;;;;;;;;;;;;;;
;;;;;;;;;;;;;;;;;;;;;;;;
;;;;;;;;;;;;;;;;;;;;;;;;
;;;;;;;;;;;;;;;;;;;;;;;;
;;;;;;;;;;;;;;;;;;;;;;;;
;;;;;;;;;;;;;;;;;;;;;;;;
;;;;;;;;;;;;;;;;;;;;;;;;
;;;;;;;;;;;;;;;;;;;;;;;;
;;;;;;;;;;;;;;;;;;;;;;;;
;;;;;;;;;;;;;;;;;;;;;;;;
;;;;;;;;;;;;;;;;;;;;;;;;
;;;;;;;;;;;;;;;;;;;;;;;;
;;;;;;;;;;;;;;;;;;;;;;;;
;;;;;;;;;;;;;;;;;;;;;;;;
;;;;;;;;;;;;;;;;;;;;;;;;
;;;;;;;;;;;;;;;;;;;;;;;;
;;;;;;;;;;;;;;;;;;;;;;;;
;;;;;;;;;;;;;;;;;;;;;;;;
;;;;;;;;;;;;;;;;;;;;;;;;
;;;;;;;;;;;;;;;;;;;;;;;;
;;;;;;;;;;;;;;;;;;;;;;;;
;;;;;;;;;;;;;;;;;;;;;;;;
;;;;;;;;;;;;;;;;;;;;;;;;
;;;;;;;;;;;;;;;;;;;;;;;;
;;;;;;;;;;;;;;;;;;;;;;;;
;;;;;;;;;;;;;;;;;;;;;;;;
;;;;;;;;;;;;;;;;;;;;;;;;
;;;;;;;;;;;;;;;;;;;;;;;;
;;;;;;;;;;;;;;;;;;;;;;;;
;;;;;;;;;;;;;;;;;;;;;;;;
;;;;;;;;;;;;;;;;;;;;;;;;
;;;;;;;;;;;;;;;;;;;;;;;;
;;;;;;;;;;;;;;;;;;;;;;;;
;;;;;;;;;;;;;;;;;;;;;;;;
;;;;;;;;;;;;;;;;;;;;;;;;
;;;;;;;;;;;;;;;;;;;;;;;;
;;;;;;;;;;;;;;;;;;;;;;;;
;;;;;;;;;;;;;;;;;;;;;;;;
;;;;;;;;;;;;;;;;;;;;;;;;
;;;;;;;;;;;;;;;;;;;;;;;;
;;;;;;;;;;;;;;;;;;;;;;;;
;;;;;;;;;;;;;;;;;;;;;;;;
;;;;;;;;;;;;;;;;;;;;;;;;
;;;;;;;;;;;;;;;;;;;;;;;;
;;;;;;;;;;;;;;;;;;;;;;;;
;;;;;;;;;;;;;;;;;;;;;;;;
;;;;;;;;;;;;;;;;;;;;;;;;
;;;;;;;;;;;;;;;;;;;;;;;;
;;;;;;;;;;;;;;;;;;;;;;;;
;;;;;;;;;;;;;;;;;;;;;;;;
;;;;;;;;;;;;;;;;;;;;;;;;
;;;;;;;;;;;;;;;;;;;;;;;;
;;;;;;;;;;;;;;;;;;;;;;;;
;;;;;;;;;;;;;;;;;;;;;;;;
;;;;;;;;;;;;;;;;;;;;;;;;
;;;;;;;;;;;;;;;;;;;;;;;;
;;;;;;;;;;;;;;;;;;;;;;;;
;;;;;;;;;;;;;;;;;;;;;;;;
;;;;;;;;;;;;;;;;;;;;;;;;
;;;;;;;;;;;;;;;;;;;;;;;;
;;;;;;;;;;;;;;;;;;;;;;;;
;;;;;;;;;;;;;;;;;;;;;;;;
;;;;;;;;;;;;;;;;;;;;;;;;
;;;;;;;;;;;;;;;;;;;;;;;;
;;;;;;;;;;;;;;;;;;;;;;;;
;;;;;;;;;;;;;;;;;;;;;;;;
;;;;;;;;;;;;;;;;;;;;;;;;
;;;;;;;;;;;;;;;;;;;;;;;;
;;;;;;;;;;;;;;;;;;;;;;;;
;;;;;;;;;;;;;;;;;;;;;;;;
;;;;;;;;;;;;;;;;;;;;;;;;
;;;;;;;;;;;;;;;;;;;;;;;;
;;;;;;;;;;;;;;;;;;;;;;;;
;;;;;;;;;;;;;;;;;;;;;;;;
;;;;;;;;;;;;;;;;;;;;;;;;
;;;;;;;;;;;;;;;;;;;;;;;;
;;;;;;;;;;;;;;;;;;;;;;;;
;;;;;;;;;;;;;;;;;;;;;;;;
;;;;;;;;;;;;;;;;;;;;;;;;
;;;;;;;;;;;;;;;;;;;;;;;;
;;;;;;;;;;;;;;;;;;;;;;;;
;;;;;;;;;;;;;;;;;;;;;;;;
;;;;;;;;;;;;;;;;;;;;;;;;
;;;;;;;;;;;;;;;;;;;;;;;;
;;;;;;;;;;;;;;;;;;;;;;;;
;;;;;;;;;;;;;;;;;;;;;;;;
;;;;;;;;;;;;;;;;;;;;;;;;
;;;;;;;;;;;;;;;;;;;;;;;;
;;;;;;;;;;;;;;;;;;;;;;;;
;;;;;;;;;;;;;;;;;;;;;;;;
;;;;;;;;;;;;;;;;;;;;;;;;
;;;;;;;;;;;;;;;;;;;;;;;;
;;;;;;;;;;;;;;;;;;;;;;;;
;;;;;;;;;;;;;;;;;;;;;;;;
;;;;;;;;;;;;;;;;;;;;;;;;
;;;;;;;;;;;;;;;;;;;;;;;;
;;;;;;;;;;;;;;;;;;;;;;;;
;;;;;;;;;;;;;;;;;;;;;;;;
;;;;;;;;;;;;;;;;;;;;;;;;
;;;;;;;;;;;;;;;;;;;;;;;;
;;;;;;;;;;;;;;;;;;;;;;;;
;;;;;;;;;;;;;;;;;;;;;;;;
;;;;;;;;;;;;;;;;;;;;;;;;
;;;;;;;;;;;;;;;;;;;;;;;;
;;;;;;;;;;;;;;;;;;;;;;;;
;;;;;;;;;;;;;;;;;;;;;;;;
;;;;;;;;;;;;;;;;;;;;;;;;
;;;;;;;;;;;;;;;;;;;;;;;;
;;;;;;;;;;;;;;;;;;;;;;;;
;;;;;;;;;;;;;;;;;;;;;;;;
;;;;;;;;;;;;;;;;;;;;;;;;
;;;;;;;;;;;;;;;;;;;;;;;;
;;;;;;;;;;;;;;;;;;;;;;;;
;;;;;;;;;;;;;;;;;;;;;;;;
;;;;;;;;;;;;;;;;;;;;;;;;
;;;;;;;;;;;;;;;;;;;;;;;;
;;;;;;;;;;;;;;;;;;;;;;;;
;;;;;;;;;;;;;;;;;;;;;;;;
;;;;;;;;;;;;;;;;;;;;;;;;
;;;;;;;;;;;;;;;;;;;;;;;;
;;;;;;;;;;;;;;;;;;;;;;;;
;;;;;;;;;;;;;;;;;;;;;;;;
;;;;;;;;;;;;;;;;;;;;;;;;
;;;;;;;;;;;;;;;;;;;;;;;;
;;;;;;;;;;;;;;;;;;;;;;;;
;;;;;;;;;;;;;;;;;;;;;;;;
;;;;;;;;;;;;;;;;;;;;;;;;
;;;;;;;;;;;;;;;;;;;;;;;;
;;;;;;;;;;;;;;;;;;;;;;;;
;;;;;;;;;;;;;;;;;;;;;;;;
;;;;;;;;;;;;;;;;;;;;;;;;
;;;;;;;;;;;;;;;;;;;;;;;;
;;;;;;;;;;;;;;;;;;;;;;;;
;;;;;;;;;;;;;;;;;;;;;;;;
;;;;;;;;;;;;;;;;;;;;;;;;
;;;;;;;;;;;;;;;;;;;;;;;;
;;;;;;;;;;;;;;;;;;;;;;;;
;;;;;;;;;;;;;;;;;;;;;;;;
;;;;;;;;;;;;;;;;;;;;;;;;
;;;;;;;;;;;;;;;;;;;;;;;;
;;;;;;;;;;;;;;;;;;;;;;;;
;;;;;;;;;;;;;;;;;;;;;;;;
;;;;;;;;;;;;;;;;;;;;;;;;
;;;;;;;;;;;;;;;;;;;;;;;;
;;;;;;;;;;;;;;;;;;;;;;;;
;;;;;;;;;;;;;;;;;;;;;;;;
;;;;;;;;;;;;;;;;;;;;;;;;
;;;;;;;;;;;;;;;;;;;;;;;;
;;;;;;;;;;;;;;;;;;;;;;;;
;;;;;;;;;;;;;;;;;;;;;;;;
;;;;;;;;;;;;;;;;;;;;;;;;
;;;;;;;;;;;;;;;;;;;;;;;;
;;;;;;;;;;;;;;;;;;;;;;;;
;;;;;;;;;;;;;;;;;;;;;;;;
;;;;;;;;;;;;;;;;;;;;;;;;
;;;;;;;;;;;;;;;;;;;;;;;;
;;;;;;;;;;;;;;;;;;;;;;;;
;;;;;;;;;;;;;;;;;;;;;;;;
;;;;;;;;;;;;;;;;;;;;;;;;
;;;;;;;;;;;;;;;;;;;;;;;;
;;;;;;;;;;;;;;;;;;;;;;;;
;;;;;;;;;;;;;;;;;;;;;;;;
;;;;;;;;;;;;;;;;;;;;;;;;
;;;;;;;;;;;;;;;;;;;;;;;;
;;;;;;;;;;;;;;;;;;;;;;;;
;;;;;;;;;;;;;;;;;;;;;;;;
;;;;;;;;;;;;;;;;;;;;;;;;
;;;;;;;;;;;;;;;;;;;;;;;;
;;;;;;;;;;;;;;;;;;;;;;;;
;;;;;;;;;;;;;;;;;;;;;;;;
;;;;;;;;;;;;;;;;;;;;;;;;
;;;;;;;;;;;;;;;;;;;;;;;;
;;;;;;;;;;;;;;;;;;;;;;;;
;;;;;;;;;;;;;;;;;;;;;;;;
;;;;;;;;;;;;;;;;;;;;;;;;
;;;;;;;;;;;;;;;;;;;;;;;;
;;;;;;;;;;;;;;;;;;;;;;;;
;;;;;;;;;;;;;;;;;;;;;;;;
;;;;;;;;;;;;;;;;;;;;;;;;
;;;;;;;;;;;;;;;;;;;;;;;;
;;;;;;;;;;;;;;;;;;;;;;;;
;;;;;;;;;;;;;;;;;;;;;;;;
;;;;;;;;;;;;;;;;;;;;;;;;
;;;;;;;;;;;;;;;;;;;;;;;;
;;;;;;;;;;;;;;;;;;;;;;;;
;;;;;;;;;;;;;;;;;;;;;;;;
;;;;;;;;;;;;;;;;;;;;;;;;
;;;;;;;;;;;;;;;;;;;;;;;;
;;;;;;;;;;;;;;;;;;;;;;;;
;;;;;;;;;;;;;;;;;;;;;;;;
;;;;;;;;;;;;;;;;;;;;;;;;
;;;;;;;;;;;;;;;;;;;;;;;;
;;;;;;;;;;;;;;;;;;;;;;;;
;;;;;;;;;;;;;;;;;;;;;;;;
;;;;;;;;;;;;;;;;;;;;;;;;
;;;;;;;;;;;;;;;;;;;;;;;;
;;;;;;;;;;;;;;;;;;;;;;;;
;;;;;;;;;;;;;;;;;;;;;;;;
;;;;;;;;;;;;;;;;;;;;;;;;
;;;;;;;;;;;;;;;;;;;;;;;;
;;;;;;;;;;;;;;;;;;;;;;;;
;;;;;;;;;;;;;;;;;;;;;;;;
;;;;;;;;;;;;;;;;;;;;;;;;
;;;;;;;;;;;;;;;;;;;;;;;;
;;;;;;;;;;;;;;;;;;;;;;;;
;;;;;;;;;;;;;;;;;;;;;;;;
;;;;;;;;;;;;;;;;;;;;;;;;
;;;;;;;;;;;;;;;;;;;;;;;;
;;;;;;;;;;;;;;;;;;;;;;;;
;;;;;;;;;;;;;;;;;;;;;;;;
;;;;;;;;;;;;;;;;;;;;;;;;
;;;;;;;;;;;;;;;;;;;;;;;;
;;;;;;;;;;;;;;;;;;;;;;;;
;;;;;;;;;;;;;;;;;;;;;;;;
;;;;;;;;;;;;;;;;;;;;;;;;
;;;;;;;;;;;;;;;;;;;;;;;;
;;;;;;;;;;;;;;;;;;;;;;;;
;;;;;;;;;;;;;;;;;;;;;;;;
;;;;;;;;;;;;;;;;;;;;;;;;
;;;;;;;;;;;;;;;;;;;;;;;;
;;;;;;;;;;;;;;;;;;;;;;;;
;;;;;;;;;;;;;;;;;;;;;;;;
;;;;;;;;;;;;;;;;;;;;;;;;
;;;;;;;;;;;;;;;;;;;;;;;;
;;;;;;;;;;;;;;;;;;;;;;;;
;;;;;;;;;;;;;;;;;;;;;;;;
;;;;;;;;;;;;;;;;;;;;;;;;
;;;;;;;;;;;;;;;;;;;;;;;;
;;;;;;;;;;;;;;;;;;;;;;;;
;;;;;;;;;;;;;;;;;;;;;;;;
;;;;;;;;;;;;;;;;;;;;;;;;
;;;;;;;;;;;;;;;;;;;;;;;;
;;;;;;;;;;;;;;;;;;;;;;;;
;;;;;;;;;;;;;;;;;;;;;;;;
;;;;;;;;;;;;;;;;;;;;;;;;
;;;;;;;;;;;;;;;;;;;;;;;;
;;;;;;;;;;;;;;;;;;;;;;;;
;;;;;;;;;;;;;;;;;;;;;;;;
;;;;;;;;;;;;;;;;;;;;;;;;
;;;;;;;;;;;;;;;;;;;;;;;;
;;;;;;;;;;;;;;;;;;;;;;;;
;;;;;;;;;;;;;;;;;;;;;;;;
;;;;;;;;;;;;;;;;;;;;;;;;
;;;;;;;;;;;;;;;;;;;;;;;;
;;;;;;;;;;;;;;;;;;;;;;;;
;;;;;;;;;;;;;;;;;;;;;;;;
;;;;;;;;;;;;;;;;;;;;;;;;
;;;;;;;;;;;;;;;;;;;;;;;;
;;;;;;;;;;;;;;;;;;;;;;;;
;;;;;;;;;;;;;;;;;;;;;;;;
;;;;;;;;;;;;;;;;;;;;;;;;
;;;;;;;;;;;;;;;;;;;;;;;;
;;;;;;;;;;;;;;;;;;;;;;;;
;;;;;;;;;;;;;;;;;;;;;;;;
;;;;;;;;;;;;;;;;;;;;;;;;
;;;;;;;;;;;;;;;;;;;;;;;;
;;;;;;;;;;;;;;;;;;;;;;;;
;;;;;;;;;;;;;;;;;;;;;;;;
;;;;;;;;;;;;;;;;;;;;;;;;
;;;;;;;;;;;;;;;;;;;;;;;;
;;;;;;;;;;;;;;;;;;;;;;;;
;;;;;;;;;;;;;;;;;;;;;;;;
;;;;;;;;;;;;;;;;;;;;;;;;
;;;;;;;;;;;;;;;;;;;;;;;;
;;;;;;;;;;;;;;;;;;;;;;;;
;;;;;;;;;;;;;;;;;;;;;;;;
;;;;;;;;;;;;;;;;;;;;;;;;
;;;;;;;;;;;;;;;;;;;;;;;;
;;;;;;;;;;;;;;;;;;;;;;;;
;;;;;;;;;;;;;;;;;;;;;;;;
;;;;;;;;;;;;;;;;;;;;;;;;
;;;;;;;;;;;;;;;;;;;;;;;;
;;;;;;;;;;;;;;;;;;;;;;;;
;;;;;;;;;;;;;;;;;;;;;;;;
;;;;;;;;;;;;;;;;;;;;;;;;
;;;;;;;;;;;;;;;;;;;;;;;;
